pair,table_exact_baseline,table_exact_candidate,table_exact_delta,table_cellF1_baseline,table_cellF1_candidate,table_cellF1_delta,table_cellExactRate_baseline,table_cellExactRate_candidate,table_cellExactRate_delta,table_contentNED_baseline,table_contentNED_candidate,table_contentNED_delta,table_reordered_baseline,table_reordered_candidate,table_reordered_delta,text_recall_baseline,text_recall_candidate,text_recall_delta,text_precision_baseline,text_precision_candidate,text_precision_delta,text_order_baseline,text_order_candidate,text_order_delta,text_spaceF1_baseline,text_spaceF1_candidate,text_spaceF1_delta
"korea-kr-pairs/156782170_260917 해외 반입 ‘짝퉁 마운자로’ 주의··· 관세청, 유해 의약품 반입 차단 강화",2,2,0,1,1,0,1,1,0,1,1,0,0,0,0,1,1,0,1,1,0,1,1,0,0.99761,0.99761,0.0
"korea-kr-pairs/156782175_[9.17.목 간담회 시작(14시 30분) 이후] 복지부？중기부, 각 부처 강점 활용해 K-제약바이오 프론티어기업 기업 육성",2,2,0,1,1,0,1,1,0,1,1,0,0,0,0,1,1,0,1,1,0,1,1,0,0.99765,0.99765,0.0
korea-kr-pairs/156782177_260917(즉시) _2028년 유엔해양총회_ 준비위 공식출범(기획총괄팀),4,4,0,1,1,0,1,1,0,1,1,0,0,0,0,1,1,0,1,1,0,1,1,0,0.99149,0.99149,0.0
korea-kr-pairs/156782179_260917(15시) 적조 재난 위기 경보 단계 &#039;경계&#039;에서 &#039;관심&#039;으로 하향 조정한다(어촌양식정책과),1,1,0,1,1,0,1,1,0,1,1,0,0,0,0,1,1,0,1,1,0,1,1,0,1,1,0
korea-kr-pairs/156782182_260918 (15시) 재난안전관리본부장 태풍 대응체계부터 추석 안전까지 빈틈없이 챙긴다(자연재난대응과),2,2,0,1,1,0,1,1,0,1,1,0,0,0,0,1,1,0,0.99346,0.99346,0.0,1,1,0,0.99257,0.99257,0.0
korea-kr-pairs/156782183_260917 세금포인트로 떠나는 게임과 바닷속 여행!,11,11,0,0.898462,0.898462,0.0,0.602649,0.602649,0.0,0.579717,0.579717,0.0,0,0,0,0.9988,0.9988,0.0,0.9991,0.9991,0.0,1,1,0,0.98946,0.98946,0.0
korea-kr-pairs/156782184_260917 9차 확간 보도자료4,1,1,0,1,1,0,1,1,0,1,1,0,0,0,0,1,1,0,0.99301,0.99301,0.0,1,1,0,0.99234,0.99234,0.0
"korea-kr-pairs/156782187_(국제협력 9.17) 기후부-국제에너지기구(IEA), 아시아 기후위기·에너지 안보 동시 해결 나선다(보도자료)",3,3,0,1,1,0,1,1,0,1,1,0,0,0,0,0.99956,0.99956,0.0,0.99978,0.99978,0.0,1,1,0,0.99156,0.99156,0.0
korea-kr-pairs/156782188_★260917_보도자료_아이들의 붓끝에서 펼쳐진 미래를 만나다(폴리텍대학)_최종+현장사진 포함,6,6,0,1,1,0,1,1,0,1,1,0,0,0,0,1,1,0,0.99631,0.99631,0.0,1,1,0,0.99806,0.99806,0.0
korea-kr-pairs/156782190_260917(참고) 대규모유통업법 개정안 국회 본회의 통과,6,6,0,1,1,0,1,1,0,1,1,0,0,0,0,0.99869,0.99869,0.0,0.99956,0.99956,0.0,1,1,0,0.99192,0.99192,0.0
korea-kr-pairs/156782191_260917_보도자료_2026년 제6차 일터혁신 사례공유 포럼(노사발전재단)_최종,1,1,0,1,1,0,1,1,0,1,1,0,0,0,0,1,1,0,1,1,0,1,1,0,1,1,0
korea-kr-pairs/156782192_260917_보도자료_상생파트너십 우수사례 벤치마킹(노사발전재단),1,1,0,1,1,0,1,1,0,1,1,0,0,0,0,1,1,0,1,1,0,1,1,0,0.99603,0.99603,0.0
korea-kr-pairs/156782193_260917_보도자료_추석맞이 청주 모자보호시설 방문(한국고용정보원),1,1,0,1,1,0,1,1,0,1,1,0,0,0,0,1,1,0,1,1,0,1,1,0,0.98148,0.98148,0.0
korea-kr-pairs/156782195_260917 (관계부처 합동) 과기정통부-방미통위 정책협의회 1차 실무협의회 개최,2,2,0,1,1,0,1,1,0,1,1,0,0,0,0,1,1,0,0.99674,0.99674,0.0,1,1,0,0.9962,0.9962,0.0
korea-kr-pairs/156782197_(유통소비정책관-원예경영과) 식량정책실장 강원특별자치도 사과 수급 현장 점검(9. 17. 16시부터),1,1,0,1,1,0,1,1,0,1,1,0,0,0,0,1,1,0,1,1,0,1,1,0,0.99287,0.99287,0.0
korea-kr-pairs/156782198_260917(16시) 고수온 재난 예·경보 단계 ‘심각’에서 ‘경계’로 하향 조정한다(어촌양식정책과),1,1,0,1,1,0,1,1,0,1,1,0,0,0,0,1,1,0,1,1,0,1,1,0,1,1,0
"korea-kr-pairs/156782199_[9월 17일 배포] 법제처, 전세사기피해자 주거안정 입법 조치를 위한 ‘찾아가는 법제심사’ 실시",1,1,0,1,1,0,1,1,0,1,1,0,0,0,0,1,1,0,1,1,0,1,1,0,0.97619,0.97619,0.0
korea-kr-pairs/156782200_20260917_보도자료_지진 대응 10년의 성과 위에 국민이 체감하는 안전을 설계한다,2,2,0,1,1,0,1,1,0,1,1,0,0,0,0,0.99687,0.99687,0.0,0.99948,0.99948,0.0,1,1,0,0.98903,0.98903,0.0
korea-kr-pairs/156782201_[26-750](보도자료) 2026 아이치-나고야 아시안게임 기간 정부합동 신속대응팀 파견,1,1,0,1,1,0,1,1,0,1,1,0,0,0,0,1,1,0,1,1,0,1,1,0,1,1,0
korea-kr-pairs/156782203_260917 (본회의 의결 시) 「지방자치법」 개정안 국회 통과 자치분권·균형성장 제도적 기반 확대(자치분권제도과),1,1,0,1,1,0,1,1,0,1,1,0,0,0,0,1,1,0,0.99878,0.99878,0.0,1,1,0,0.99299,0.99299,0.0
"korea-kr-pairs/156782207_260917 관세청 차장, 추석 명절 물가안정을 위한 현장점검",1,1,0,1,1,0,1,1,0,1,1,0,0,0,0,1,1,0,1,1,0,1,1,0,0.9931,0.9931,0.0
korea-kr-pairs/156782208_260917_보도참고_한강이앰피 원하청 교섭 타결(부천지청),1,1,0,1,1,0,1,1,0,1,1,0,0,0,0,1,1,0,1,1,0,1,1,0,0.9795,0.9795,0.0
"korea-kr-pairs/156782214_(참고자료)기업정책팀,국민성장펀드에 더 많은 전문가들이 참여하여 의사결정의 객관성과 투명성을 강화합니다",5,5,0,1,1,0,0.993377,0.993377,0.0,0.987887,0.987887,0.0,0,0,0,1,1,0,0.99973,0.99973,0.0,1,1,0,0.98722,0.98722,0.0
korea-kr-pairs/156782217_[260917 16시반보도] 제4차 개인정보 미래포럼 개최(혁신기획담당관),2,2,0,1,1,0,1,1,0,1,1,0,0,0,0,1,1,0,0.99319,0.99319,0.0,1,1,0,0.97033,0.97033,0.0
"korea-kr-pairs/156782218_(재생에너지정책) 재생에너지 100GW 달성, 범부처가 나선다… 보급 혁신 전담조직(TF) 출범(보도자료)",3,3,0,1,1,0,1,1,0,1,1,0,0,0,0,1,1,0,0.9995,0.9995,0.0,1,1,0,0.99401,0.99401,0.0
"korea-kr-pairs/156782221_260917_국무총리비서실, &#039;부산지역 소상공인 지원정책 간담회&#039; 개최결과 보도자료(최종)",1,1,0,1,1,0,1,1,0,1,1,0,0,0,0,1,1,0,0.99196,0.99196,0.0,1,1,0,0.99079,0.99079,0.0
korea-kr-pairs/156782222_260917 (관계부처 합동) 형사사법체계 개편에도 마약범죄 강력대응 위한 범정부 협력 강화,2,2,0,1,1,0,1,1,0,1,1,0,0,0,0,1,1,0,0.99971,0.99971,0.0,1,1,0,0.98447,0.98447,0.0
korea-kr-pairs/156782224_[9.17.목 배포 즉시] 형사사법체계 개편에도 마약범죄 강력대응 위한 범정부 협력 강화,2,2,0,1,1,0,1,1,0,1,1,0,0,0,0,1,1,0,0.99971,0.99971,0.0,1,1,0,0.98389,0.98389,0.0
"korea-kr-pairs/156782225_[보도참고자료] 발달장애인 긴급돌봄서비스 제공 위한 「발달장애인 권리보장 및 지원에 관한 법률」 개정안, 국회 본회의 통과",2,2,0,1,1,0,1,1,0,1,1,0,0,0,0,1,1,0,1,1,0,1,1,0,0.99121,0.99121,0.0
korea-kr-pairs/156782228_260911 (국민성장펀드)9월 승인사업 보도자료,5,5,0,1,1,0,1,1,0,1,1,0,0,0,0,1,1,0,0.99973,0.99973,0.0,1,1,0,0.98927,0.98927,0.0
korea-kr-pairs/156782229_260917 청년인턴 수료식 보도자료,1,1,0,1,1,0,1,1,0,1,1,0,0,0,0,1,1,0,1,1,0,1,1,0,1,1,0
"korea-kr-pairs/156782230_260917_기후대응위, 제2차 기후위기대응 권역별(강원) 포럼 개최 보도자료",1,1,0,0.877778,0.877778,0.0,0.787879,0.787879,0.0,0.488739,0.488739,0.0,0,0,0,1,1,0,0.99736,0.99736,0.0,0.98413,0.98413,0.0,0.9927,0.9927,0.0
korea-kr-pairs/156782231_14-1_농촌진흥청충북지역농기계사고예방통합교육농업인안전의식제고(지원국),2,2,0,1,1,0,1,1,0,1,1,0,0,0,0,1,1,0,0.997,0.997,0.0,1,1,0,0.9961,0.9961,0.0
korea-kr-pairs/156782233_14-2_가을_쌀귀리_파종_전__미리_물_빠짐_길_정비하세요(식량원),4,4,0,1,1,0,1,1,0,1,1,0,0,0,0,1,1,0,0.99567,0.99567,0.0,0.95,0.95,0.0,0.99346,0.99346,0.0
korea-kr-pairs/156782235_14-3_일교차_큰_환절기__축종별_가축_관리요령(축산원),1,1,0,1,1,0,1,1,0,1,1,0,0,0,0,1,1,0,1,1,0,1,1,0,0.99579,0.99579,0.0
"korea-kr-pairs/156782237_[26.9.17.(목) 보도참고자료] 식약처, 소비자단체와 유전자변형식품 표시제도 소통",1,1,0,1,1,0,1,1,0,1,1,0,0,0,0,1,1,0,0.99216,0.99216,0.0,1,1,0,0.98592,0.98592,0.0
korea-kr-pairs/156782238_[26.9.17.(목) 보도참고자료] 아플라톡신 초과 검출된 &apos;볶음땅콩&apos; 회수 조치,3,3,0,1,1,0,1,1,0,1,1,0,0,0,0,1,1,0,0.98856,0.98856,0.0,1,1,0,0.98771,0.98771,0.0
korea-kr-pairs/156782239_(260917) 보도자료_전통시장 현장방문,0,0,0,0.222222,0.222222,0.0,0.375,0.375,0.0,0.043033,0.043033,0.0,0,0,0,1,1,0,0.9942,0.9942,0.0,1,1,0,0.95742,0.95742,0.0
korea-kr-pairs/156782240_14-4_(즉시보도_전매체_현장방문)농촌진흥청_개발_흑돼지_‘난축맛돈’，제주_너머_내륙_첫_출하(축산원),2,2,0,1,1,0,1,1,0,1,1,0,0,0,0,1,1,0,0.99939,0.99939,0.0,1,1,0,1,1,0
korea-kr-pairs/156782242_14-5_(즉시보도_통전지)농림위성종자생산관리분야까지활용범위넓힌다(농과원_국립종자원),2,2,0,1,1,0,1,1,0,1,1,0,0,0,0,1,1,0,0.99801,0.99801,0.0,1,1,0,0.98896,0.98896,0.0
korea-kr-pairs/156782244_14-6_(즉시보도_통전지_현장방문)국산포도신품종재배현장찾아수출기반확대모색(원예원),2,2,0,1,1,0,1,1,0,1,1,0,0,0,0,1,1,0,1,1,0,1,1,0,1,1,0
korea-kr-pairs/156782246_15-1_청년여성과농촌재생국내외정책과사례공유한다(농과원),2,2,0,1,1,0,1,1,0,1,1,0,0,0,0,1,1,0,0.99718,0.99718,0.0,1,1,0,0.99012,0.99012,0.0
korea-kr-pairs/156782248_15-2_기체관리에살균기술까지장기저장봄배추품질높인다(농과원),4,4,0,1,1,0,1,1,0,1,1,0,0,0,0,1,1,0,0.99384,0.99384,0.0,1,1,0,0.99058,0.99058,0.0
korea-kr-pairs/156782250_15-3_추석과일채소보관온도수분에틸렌이신선도좌우(원예원),1,1,0,1,1,0,1,1,0,1,1,0,0,0,0,0.99899,0.99899,0.0,1,1,0,1,1,0,0.99068,0.99068,0.0
korea-kr-pairs/156782252_15-4_(즉시보도_전매체)농진청-우즈베키스탄농업부와_농업분야_양해각서_체결(협력국),1,1,0,1,1,0,1,1,0,1,1,0,0,0,0,1,1,0,1,1,0,1,1,0,1,1,0
"korea-kr-pairs/156782254_15-5_(즉시보도_전매체_현장방문)온열질환예방기술현장적용성개선수요현장의견청취(지원국,농과원)",2,2,0,1,1,0,1,1,0,1,1,0,0,0,0,1,1,0,0.99724,0.99724,0.0,1,1,0,0.99546,0.99546,0.0
korea-kr-pairs/156782256_15-6_(즉시보도_전매체)2026_자체_정부혁신_통합_경진대회(기획조정관실),3,3,0,1,1,0,1,1,0,1,1,0,0,0,0,1,1,0,0.99541,0.99541,0.0,1,1,0,0.99048,0.99048,0.0
korea-kr-pairs/156782258_15-7_(즉시보도_통전지)농촌진흥청규제개선넘어현장체감성과까지챙긴다(기획조정관실),3,3,0,1,1,0,1,1,0,1,1,0,0,0,0,1,1,0,0.99883,0.99883,0.0,1,1,0,0.99404,0.99404,0.0
"korea-kr-pairs/156782260_15-8_(즉시보도_통전지_엠바고)‘국립식량과학원-세계김치연구소’,_발효미생물_협력으로_김치산업_세계화_앞당긴다(식량원)",2,2,0,1,1,0,1,1,0,1,1,0,0,0,0,1,1,0,0.99719,0.99719,0.0,1,1,0,0.98685,0.98685,0.0
"korea-kr-pairs/156782262_15-9_(즉시보도_통전지_현장방문)국산_열풍건초,_말_사료로_공급_확대…생산·유통_현장_점검(축산원)",3,3,0,1,1,0,1,1,0,1,1,0,0,0,0,1,1,0,0.9966,0.9966,0.0,1,1,0,0.99381,0.99381,0.0
"korea-kr-pairs/156782264_[26-751] (보도자료) 김희상 G20 셰르파, 일본 신임 셰르파와 화상면담 개최",1,1,0,1,1,0,1,1,0,1,1,0,0,0,0,1,1,0,1,1,0,1,1,0,1,1,0
korea-kr-pairs/156782265_16-1_똑똑한농생명데이터관리로연구효율높인다(농과원),1,1,0,1,1,0,1,1,0,1,1,0,0,0,0,1,1,0,0.99067,0.99067,0.0,1,1,0,0.99426,0.99426,0.0
korea-kr-pairs/156782267_16-2_수량_많고_가격_부담은_낮춘_국산_사료용_옥수수_종자_신청하세요(식량원),6,6,0,1,1,0,1,1,0,1,1,0,0,0,0,1,1,0,0.99356,0.99356,0.0,1,1,0,0.99423,0.99423,0.0
korea-kr-pairs/156782269_16-3_첫국산홍차품종홍설등보급확대차(茶)시장활기불어넣어(원예원),4,4,0,1,1,0,1,1,0,1,1,0,0,0,0,1,1,0,0.99969,0.99969,0.0,1,1,0,0.99665,0.99665,0.0
korea-kr-pairs/156782271_16-4_(즉시보도_통전지_엠바고)기후변화대응농업농촌물환경개선협력기반마련한다(농과원_수자원공사),2,2,0,1,1,0,1,1,0,1,1,0,0,0,0,1,1,0,1,1,0,1,1,0,1,1,0
"korea-kr-pairs/156782273_260917 (인사혁신기획과) 중앙부처 청년공무원, 인사제도 개선방안 찾는다",1,1,0,1,1,0,1,1,0,1,1,0,0,0,0,1,1,0,0.99245,0.99245,0.0,1,1,0,0.99154,0.99154,0.0
korea-kr-pairs/156782274_[국가데이터처] 「국가데이터기본법」 제정 본격 추진(보도자료),1,1,0,1,1,0,1,1,0,1,1,0,0,0,0,1,1,0,0.99811,0.99811,0.0,1,1,0,0.99458,0.99458,0.0
korea-kr-pairs/156782275_260917_보도참고_여성고용노동포럼,2,2,0,1,1,0,1,1,0,1,1,0,0,0,0,1,1,0,1,1,0,1,1,0,0.98216,0.98216,0.0
"korea-kr-pairs/156782276_0917(18조간, 17일(목) 17시30분엠바고)무역구제정책과, 무역위, 중국산 H형강 및 봉강 덤핑조사 판정",3,3,0,1,1,0,1,1,0,1,1,0,0,0,0,0.99959,0.99959,0.0,1,1,0,1,1,0,0.99182,0.99182,0.0
korea-kr-pairs/156782277_16-5_(즉시보도_전매체_현장방문)농업연구개발기술활용해청년농업인소득증대실현방안모색(지원국),2,2,0,1,1,0,1,1,0,1,1,0,0,0,0,1,1,0,1,1,0,1,1,0,0.9914,0.9914,0.0
korea-kr-pairs/156782279_16-6_(즉시보도_통전지_현장방문)농촌진흥청정부비축기지서장기저장봄배추상품성확인(원예원),2,2,0,1,1,0,1,1,0,1,1,0,0,0,0,1,1,0,0.99591,0.99591,0.0,1,1,0,0.98882,0.98882,0.0
korea-kr-pairs/156782281_16-7_(즉시보도_통전지_현장방문)케이지별산란량_한눈에인공지능정밀관리기술현장점검(축산원),3,3,0,1,1,0,1,1,0,1,1,0,0,0,0,1,1,0,0.99314,0.99314,0.0,1,1,0,1,1,0
korea-kr-pairs/156782283_17-1_(농식품부브리핑)두뇌_건강_돕는_국산_K-참들기름__프리미엄_시장_공략한다(식량원),1,1,0,1,1,0,1,1,0,1,1,0,0,0,0,1,1,0,0.99589,0.99589,0.0,1,1,0,0.99171,0.99171,0.0
korea-kr-pairs/156782285_17-2_대량양파도뚝딱맞춤형수확후관리로품질저장성향상(농과원),3,3,0,1,1,0,1,1,0,1,1,0,0,0,0,1,1,0,0.99592,0.99592,0.0,1,1,0,0.99405,0.99405,0.0
korea-kr-pairs/156782287_17-3_분야별유기적인협력으로농업인공지능플랫폼구축앞당긴다(농과원，연정국),3,3,0,1,1,0,1,1,0,1,1,0,0,0,0,1,1,0,0.99435,0.99435,0.0,1,1,0,1,1,0
korea-kr-pairs/156782319_260917 국무조정실장 주재 제3차 마약류대책협의회 보도자료(최종),2,2,0,1,1,0,1,1,0,1,1,0,0,0,0,1,1,0,0.99971,0.99971,0.0,1,1,0,0.98447,0.98447,0.0
korea-kr-pairs/156782319_260917_국무조정실장 주재 마약류대책협의회 모두발언(최종),0,0,0,1,1,0,1,1,0,1,1,0,0,0,0,1,1,0,1,1,0,1,1,0,0.97361,0.97361,0.0
"korea-kr-pairs/156782320_260917(18시) 해수부, 주한 6개국 외교단과 함께 _제4차 유엔해양총회(unoc4)_ 준비 본격화한다(대외협력팀)",1,1,0,1,1,0,1,1,0,1,1,0,0,0,0,1,1,0,1,1,0,1,1,0,0.99541,0.99541,0.0
korea-kr-pairs/156782321_17-4_(즉시보도_전매체)농촌진흥청미래농업이끌인재양성학계와머리맞댄다(연정국),2,2,0,1,1,0,1,1,0,1,1,0,0,0,0,1,1,0,0.99666,0.99666,0.0,1,1,0,1,1,0
"korea-kr-pairs/156782323_17-5_(즉시보도_전매체)농촌진흥청,_키르기스스탄과_축산기술_협력_기반_강화양해각서체결(협력국)",1,1,0,1,1,0,1,1,0,1,1,0,0,0,0,1,1,0,1,1,0,1,1,0,0.99083,0.99083,0.0
korea-kr-pairs/156782325_17-6_(즉시보도_전매체)농촌진흥청저극행정실천직원선정특별포상(기획조정관실),1,1,0,1,1,0,1,1,0,1,1,0,0,0,0,1,1,0,1,1,0,1,1,0,0.98541,0.98541,0.0
"korea-kr-pairs/156782327_17-7_(즉시보도_통전지)농촌진흥청_추석앞두고이웃사랑나눔,민생현장소통나서(본청,_4개소속기관공동)",2,2,0,1,1,0,1,1,0,1,1,0,0,0,0,1,1,0,0.99924,0.99924,0.0,1,1,0,0.99512,0.99512,0.0
"korea-kr-pairs/156782329_17-8_(즉시보도_통전지_현장방문_엠바고)농업기계사고상황119로직접전달신속한구조대응체계구축(농과원,관계기관합동)",3,3,0,1,1,0,1,1,0,1,1,0,0,0,0,1,1,0,0.99537,0.99537,0.0,1,1,0,0.9959,0.9959,0.0
"korea-kr-pairs/156782331_260918_중기부·복지부,_K_제약바이오_프론티어기업육성을_위해_현장의_목소리를_듣는다",2,2,0,1,1,0,1,1,0,1,1,0,0,0,0,1,1,0,0.99961,0.99961,0.0,1,1,0,0.99538,0.99538,0.0
"korea-kr-pairs/156782332_260918_경남_제조AI_센터_개소,_지역_제조기업의_AI_전환_본격화",3,3,0,1,1,0,1,1,0,1,1,0,0,0,0,1,1,0,1,1,0,1,1,0,0.99694,0.99694,0.0
"korea-kr-pairs/156782333_260917 한성숙 총리, 자파로프 키르기스스탄 대통령 면담 보도자료_최종",1,1,0,1,1,0,1,1,0,1,1,0,0,0,0,0.99558,0.99558,0.0,1,1,0,1,1,0,0.96762,0.96762,0.0
korea-kr-pairs/156782334_260917 경기지역 천명지킴 현장소통 간담회 개최 보도자료,3,3,0,1,1,0,1,1,0,1,1,0,0,0,0,1,1,0,0.99944,0.99944,0.0,1,1,0,0.99367,0.99367,0.0
korea-kr-pairs/156782335_[26-752](보도자료) 제37차 한-ESCAP 연례협의회 개최,1,1,0,1,1,0,1,1,0,1,1,0,0,0,0,1,1,0,0.99891,0.99891,0.0,1,1,0,0.98988,0.98988,0.0
korea-kr-pairs/156782336_260917_보도자료_고용보험 부정수급 사업주 구속 관련(대구청),1,1,0,1,1,0,1,1,0,1,1,0,0,0,0,1,1,0,1,1,0,1,1,0,1,1,0
"korea-kr-pairs/156782339_260917_한성숙 국무총리, 서울 신원시장 방문 보도자료",1,1,0,1,1,0,1,1,0,1,1,0,0,0,0,1,1,0,0.98973,0.98973,0.0,1,1,0,0.98818,0.98818,0.0
korea-kr-pairs/156782340_[26-753](보도자료) 홍해 정세 관련 원유 수급 상황 및 에너지 공급망 비상 점검 본부-공관 화상회의,1,1,0,1,1,0,1,1,0,1,1,0,0,0,0,1,1,0,0.98325,0.98325,0.0,1,1,0,0.98607,0.98607,0.0
korea-kr-pairs/156782341_(공동보도자료) 형사사법체계 개편에도 마약범죄 강력대응 위한 범정부 협력 강화 (배포즉시보도),2,2,0,1,1,0,1,1,0,1,1,0,0,0,0,1,1,0,0.99971,0.99971,0.0,1,1,0,0.98446,0.98446,0.0
korea-kr-pairs/156782343_전력망의 효율적 활용을 위한 계절별 송전용량 시범사업 시행(보도자료)(계통운영 9.18),2,2,0,1,1,0,1,1,0,1,1,0,0,0,0,1,1,0,0.99892,0.99892,0.0,1,1,0,0.99408,0.99408,0.0
korea-kr-pairs/156782344_국립공원공단 가을 단풍철 불법 무질서 행위 집중관리(보도자료)(국립공원 9.18),4,4,0,1,1,0,1,1,0,1,1,0,0,0,0,1,1,0,1,1,0,1,1,0,0.99627,0.99627,0.0
korea-kr-pairs/156782348_[0918]문체부보도자료-2026 나고야 아시안게임 현장 방문,1,1,0,1,1,0,1,1,0,1,1,0,0,0,0,1,1,0,0.99463,0.99463,0.0,1,1,0,0.99395,0.99395,0.0
korea-kr-pairs/156782349_(정부합동)[26.9.17.(목) 보도자료] 형사사법체계 개편에도 마약범죄 강력대응 위한 범정부 협력 강화,2,2,0,1,1,0,1,1,0,1,1,0,0,0,0,1,1,0,0.99971,0.99971,0.0,1,1,0,0.98447,0.98447,0.0
korea-kr-pairs/156782350_[26.9.18.(금) 보도참고자료] 네일폴리시 사용기한 표시에 대한 첫 논의 시작,2,2,0,1,1,0,1,1,0,1,1,0,0,0,0,1,1,0,1,1,0,1,1,0,0.9902,0.9902,0.0
korea-kr-pairs/156782351_[26-754](보도자료) 외교부 공관장 인사(시행본),2,2,0,1,1,0,1,1,0,1,1,0,0,0,0,1,1,0,0.99451,0.99451,0.0,1,1,0,0.92,0.92,0.0
korea-kr-pairs/156782353_260917_보도자료_디지털 성범죄 OUT 국민 레이더 ON_최종배포,1,1,0,1,1,0,1,1,0,1,1,0,0,0,0,1,1,0,1,1,0,1,1,0,1,1,0
korea-kr-pairs/156782355_260918_‘모두의_창업_사회혁신_소셜벤처_리그’_2차_발표평가_통과자_40명_선발,6,6,0,1,1,0,1,1,0,1,1,0,0,0,0,1,1,0,1,1,0,1,1,0,0.9892,0.9892,0.0
korea-kr-pairs/156782356_(별첨1) 부총리 모두말씀★,0,0,0,1,1,0,1,1,0,1,1,0,0,0,0,1,1,0,0.99544,0.99544,0.0,1,1,0,0.99816,0.99816,0.0
korea-kr-pairs/156782356_260918 비상경제본부 회의 겸 경제관계장관회의 보도자료★★,5,5,0,1,1,0,1,1,0,1,1,0,0,0,0,1,1,0,0.99949,0.99949,0.0,1,1,0,1,1,0
korea-kr-pairs/156782357_260917 (통일부 보도자료) 차관 추석 명절 계기 화재 피해 북향민 위로,1,1,0,1,1,0,1,1,0,1,1,0,0,0,0,1,1,0,1,1,0,1,1,0,1,1,0
korea-kr-pairs/156782361_(260918)보도자료-산림청_인사발령_26.9.18.자,2,2,0,1,1,0,1,1,0,1,1,0,0,0,0,1,1,0,1,1,0,1,1,0,1,1,0
korea-kr-pairs/156782363_용인 반도체 산단 용수공급 기반시설 공사 첫 삽(보도참고자료)(수도기획 9.18),1,1,0,1,1,0,1,1,0,1,1,0,0,0,0,1,1,0,1,1,0,1,1,0,0.99329,0.99329,0.0
"korea-kr-pairs/156782370_0917(18석간)신통상전략과, EU 新통상 규제, 우리 기업 부담은 낮추고 협력 기회는 넓힌다",1,1,0,1,1,0,1,1,0,1,1,0,0,0,0,1,1,0,1,1,0,1,1,0,0.99012,0.99012,0.0
korea-kr-pairs/156782374_260918 (즉시) 8.28.~9.1. 호우 피해지역 특별재난지역 선포(복구지원과),2,2,0,1,1,0,1,1,0,1,1,0,0,0,0,1,1,0,1,1,0,1,1,0,0.98453,0.98453,0.0
korea-kr-pairs/156782375_(260918) 불신으로 닫힌 마음 소통과 경청으로 고립된 민원인 찾아가 온기 나누다(최종),1,1,0,1,1,0,1,1,0,1,1,0,0,0,0,1,1,0,0.99237,0.99237,0.0,1,1,0,0.99661,0.99661,0.0
korea-kr-pairs/156782376_(260918) 다가오는 추석 명절 소외되지 않도록 노인 돌봄 관련 민원주의보 발령(최종),1,1,0,1,1,0,1,1,0,1,1,0,0,0,0,1,1,0,1,1,0,1,1,0,0.98624,0.98624,0.0
korea-kr-pairs/156782377_(260918) 더 많은 청년들의 생각 정부 정책에 국민생각함 통해 청년 정책패널 모집한다(최종),1,1,0,1,1,0,1,1,0,1,1,0,0,0,0,1,1,0,0.99271,0.99271,0.0,1,1,0,0.98611,0.98611,0.0
korea-kr-pairs/156782381_260917 [방사청 보도자료] 유럽연합(EU)과 저궤도위성통신분야 협력 확대를 위한 행정약정 체결,1,1,0,1,1,0,1,1,0,1,1,0,0,0,0,0.99335,0.99335,0.0,0.99714,0.99714,0.0,1,1,0,0.98456,0.98456,0.0
korea-kr-pairs/156782384_260911_2028 유엔해양총회준비위원회 개최(서면) 보도자료,4,4,0,1,1,0,1,1,0,1,1,0,0,0,0,1,1,0,1,1,0,1,1,0,0.98969,0.98969,0.0
korea-kr-pairs/156782385_260918(보도자료) 비상경제본부 회의 겸 경제관계장관회의 보도자료,5,5,0,1,1,0,1,1,0,1,1,0,0,0,0,1,1,0,0.99949,0.99949,0.0,1,1,0,1,1,0
korea-kr-pairs/156782386_260918 [방사청 보도자료] 중소기업 대상 신속시범사업 설명회 개최,2,2,0,1,1,0,1,1,0,1,1,0,0,0,0,0.99772,0.99772,0.0,1,1,0,1,1,0,0.99786,0.99786,0.0
korea-kr-pairs/156782388_260918 보도자료(보훈부， 미국 참전용사 및 유가족 등 감사만찬 개최)최종,4,4,0,1,1,0,1,1,0,1,1,0,0,0,0,0.99857,0.99857,0.0,0.99785,0.99785,0.0,1,1,0,0.98861,0.98861,0.0
"korea-kr-pairs/156782389_[9.18.금 행사 시작(10시) 이후] 간호간병통합서비스 현장목소리 듣는다, 간병 걱정 없는 입원 위한 로드맵 마련할 때",2,2,0,1,1,0,1,1,0,1,1,0,0,0,0,1,1,0,0.99656,0.99656,0.0,1,1,0,0.99379,0.99379,0.0
korea-kr-pairs/156782390_[보도참고자료] 한국장애인개발원 김정열 신임 원장 임명,1,1,0,1,1,0,1,1,0,1,1,0,0,0,0,1,1,0,0.98398,0.98398,0.0,1,1,0,0.98442,0.98442,0.0
korea-kr-pairs/156782392_260918 (석간) 저연차가 만드는 공직문화 변화 조직문화 새로고침(F5) 3기 새출발!(행정제도과),2,2,0,1,1,0,1,1,0,1,1,0,0,0,0,1,1,0,0.99449,0.99449,0.0,1,1,0,0.99398,0.99398,0.0
korea-kr-pairs/156782394_260918 (석간) 따뜻한·안전한 추석대비 민생안정대책 논의 2026년 제7회 중앙지방정책협의회 개최(자치행정과),2,2,0,1,1,0,1,1,0,1,1,0,0,0,0,1,1,0,0.99423,0.99423,0.0,1,1,0,0.98495,0.98495,0.0
korea-kr-pairs/156782395_(별첨1) 제약산업 육성 및 지원에 관한 특별법 시행령 일부개정령안,4,4,0,1,1,0,1,1,0,1,1,0,0,0,0,1,1,0,0.99672,0.99672,0.0,1,1,0,0.98452,0.98452,0.0
korea-kr-pairs/156782395_(별첨2) 제약산업 육성 및 지원에 관한 특별법 시행규칙 일부개정령안,1,1,0,1,1,0,1,1,0,1,1,0,0,0,0,0.99858,0.99858,0.0,0.99716,0.99716,0.0,1,1,0,0.97333,0.97333,0.0
korea-kr-pairs/156782395_(별첨3) 혁신형 제약기업 인증 등에 관한 규정 일부개정고시안,1,1,0,1,1,0,1,1,0,1,1,0,0,0,0,1,1,0,0.99719,0.99719,0.0,1,1,0,0.95309,0.95309,0.0
"korea-kr-pairs/156782395_[보도참고자료] 혁신형 제약기업 ‘선도형·도약형&#039; 이원화, 유망 창업기업 성장 사다리 구축",3,3,0,1,1,0,1,1,0,1,1,0,0,0,0,1,1,0,1,1,0,1,1,0,0.99703,0.99703,0.0
korea-kr-pairs/156782396_260918(참고) 공시대상기업집단 대상 하도급대금 공시제도 및 연동제 설명회 개최,2,2,0,1,1,0,1,1,0,1,1,0,0,0,0,1,1,0,0.99429,0.99429,0.0,1,1,0,0.98596,0.98596,0.0
"korea-kr-pairs/156782398_309 [지식재산처] 지식재산으로 키우는 세종의 미래산업, 지역과 함께 해법 찾는다",2,2,0,1,1,0,1,1,0,1,1,0,0,0,0,1,1,0,1,1,0,1,1,0,0.98836,0.98836,0.0
korea-kr-pairs/156782400_[9.18.보도참고자료] 지역사회 건강 증진과 건강격차완화 초석 &#039;지역사회건강조사&#039; 우수논문 선정,3,3,0,1,1,0,1,1,0,1,1,0,0,0,0,1,1,0,1,1,0,1,1,0,0.99795,0.99795,0.0
"korea-kr-pairs/156782401_[9월 18일 배포] 법제처, 아시아 법제기구 협의체에 네팔 가입 승인 및 법 접근성 강화 관련 논의",2,2,0,1,1,0,1,1,0,1,1,0,0,0,0,1,1,0,0.99922,0.99922,0.0,1,1,0,0.99779,0.99779,0.0
"korea-kr-pairs/156782403_[26-755](보도자료) 조현 장관, 미국 방문 계기 미 주요 상하원 의원 면담(9.17.)",1,1,0,1,1,0,1,1,0,1,1,0,0,0,0,1,1,0,0.9989,0.9989,0.0,1,1,0,0.98893,0.98893,0.0
korea-kr-pairs/156782404_(보도자료) 제15차 현장찾아가는 집행점검,2,2,0,1,1,0,1,1,0,1,1,0,0,0,0,1,1,0,1,1,0,1,1,0,0.99244,0.99244,0.0
korea-kr-pairs/156782405_260918 (연금복지과) 2026년 공직문학상 입상작 47편 선정,5,5,0,1,1,0,1,1,0,1,1,0,0,0,0,1,1,0,0.9994,0.9994,0.0,1,1,0,0.99388,0.99388,0.0
"korea-kr-pairs/156782406_260918 (재해보상정책담당관) “직무 복귀 부담↓, 맞춤형 훈련 추천해요”",2,2,0,1,1,0,1,1,0,1,1,0,0,0,0,1,1,0,1,1,0,1,1,0,0.99112,0.99112,0.0
korea-kr-pairs/156782408_260919 (조간) 8월 호우 피해 이재민 추석전 주거 안전 총력 지원(재난구호과),2,2,0,1,1,0,1,1,0,1,1,0,0,0,0,1,1,0,1,1,0,1,1,0,1,1,0
korea-kr-pairs/156782410_260919 (조간) 환희의 순간부터 변화한 도시와 일상까지 기록으로 다시 읽는 86·88 국제스포츠대회(국가기록원 서비스정책과),3,3,0,1,1,0,1,1,0,1,1,0,0,0,0,1,1,0,1,1,0,1,1,0,0.98029,0.98029,0.0
"korea-kr-pairs/156782412_[9.18.보도참고자료] 가향담배 건강폐해 대응을 위한 논의의 장 마련, 「2026 담배폐해 전문가 심포지엄」 개최",2,2,0,1,1,0,1,1,0,1,1,0,0,0,0,1,1,0,0.99761,0.99761,0.0,1,1,0,0.98586,0.98586,0.0
"korea-kr-pairs/156782413_[26.9.18.(금) 보도자료] 식약처, 인도네시아와 할랄 인증 협력 강화...K-푸드·K-뷰티 수출지원",1,1,0,1,1,0,1,1,0,1,1,0,0,0,0,1,1,0,0.99437,0.99437,0.0,1,1,0,0.98992,0.98992,0.0
korea-kr-pairs/156782414_260918 (보도자료) 이야기·기술로 국경을 잇다…방송 공동제작 논의,1,1,0,1,1,0,1,1,0,1,1,0,0,0,0,1,1,0,0.99428,0.99428,0.0,1,1,0,0.98457,0.98457,0.0
korea-kr-pairs/156782417_260918_(보도자료)_시설공사 주간 입찰동향,6,6,0,1,1,0,1,1,0,1,1,0,0,0,0,1,1,0,1,1,0,1,1,0,0.99849,0.99849,0.0
korea-kr-pairs/156782418_[26-756](보도자료) 외교부 인사,2,2,0,1,1,0,1,1,0,1,1,0,0,0,0,1,1,0,1,1,0,1,1,0,0.91111,0.91111,0.0
"korea-kr-pairs/156782421_[9.18.보도참고자료] 질병관리청, &#039;국가 노쇠 표준 정의&#039; 마련 나선다",1,1,0,1,1,0,1,1,0,1,1,0,0,0,0,1,1,0,1,1,0,1,1,0,0.99017,0.99017,0.0
korea-kr-pairs/156782422_260918(설명) 장교숙소5단지 파크골프장 철저한 보완 공사 및 운영준비를 통해 조속히 개장할 예정입니다(기획지원과),1,1,0,1,1,0,1,1,0,1,1,0,0,0,0,1,1,0,0.99267,0.99267,0.0,1,1,0,0.97674,0.97674,0.0
"korea-kr-pairs/156782423_[9.18.금 행사 시작(14시) 이후] 연구개발부터 수출까지, K-뷰티 전주기 지원 위해 청년 기업인 목소리 듣는다",3,3,0,1,1,0,1,1,0,1,1,0,0,0,0,1,1,0,0.9975,0.9975,0.0,1,1,0,0.9822,0.9822,0.0
"korea-kr-pairs/156782424_[9.18.금 포럼 시작(14시) 이후] 지역 국립대학병원 연구역량 강화 성과 공유하고, 5극3특 전략산업과 연계한 2단계 사업 준비한다",2,2,0,1,1,0,1,1,0,1,1,0,0,0,0,1,1,0,0.99809,0.99809,0.0,1,1,0,0.99723,0.99723,0.0
korea-kr-pairs/156782426_260919 (14시) 아이들의 안전한 학교생활 위해 개학기 학교 주변 안전관리 현장 점검(안전개선과),3,3,0,1,1,0,0.723404,0.723404,0.0,0.977153,0.977153,0.0,0,0,0,0.9863,0.9863,0.0,0.99539,0.99539,0.0,1,1,0,0.95357,0.95357,0.0
korea-kr-pairs/156782427_260918-(보도자료) 부총리 후보자 전통시장 현장방문v10,1,1,0,1,1,0,1,1,0,1,1,0,0,0,0,1,1,0,1,1,0,1,1,0,0.99237,0.99237,0.0
korea-kr-pairs/156782428_[26-757](보도자료) 중남미지역 원유·나프타 수급 동향 및 대체 공급선 점검 본부-공관 화상회의,1,1,0,1,1,0,1,1,0,1,1,0,0,0,0,1,1,0,0.99687,0.99687,0.0,1,1,0,0.99174,0.99174,0.0
korea-kr-pairs/156782429_260917보도자료(타직 중앙은행과의 MOU 체결),1,1,0,1,1,0,1,1,0,1,1,0,0,0,0,1,1,0,1,1,0,1,1,0,0.91986,0.91986,0.0
korea-kr-pairs/156782432_260918(보도자료) 가덕도신공항 사업추진협의체 출범(가덕도신공항건립추진단),1,1,0,1,1,0,1,1,0,1,1,0,0,0,0,1,1,0,0.99746,0.99746,0.0,1,1,0,0.98885,0.98885,0.0
korea-kr-pairs/156782434_260919 (15시) 한성숙 총리 “철저한 준비와 반복적인 훈련이 국민의 생명과 안전 지키는 길”(비상대비훈련과),2,2,0,1,1,0,1,1,0,1,1,0,0,0,0,1,1,0,0.9932,0.9932,0.0,1,1,0,0.992,0.992,0.0
korea-kr-pairs/156782435_260918_보도자료_제43회 전국장애인기능경기대회 폐회식,2,2,0,1,1,0,1,1,0,1,1,0,0,0,0,1,1,0,1,1,0,1,1,0,1,1,0
"korea-kr-pairs/156782436_260918_“워킹홀리데이 가기 전, 이건 꼭 알고 가세요”...경험자 17명이 전한 현지 생활 ‘꿀팁’",1,1,0,1,1,0,1,1,0,1,1,0,0,0,0,0.99719,0.99719,0.0,1,1,0,1,1,0,0.9816,0.9816,0.0
"korea-kr-pairs/156782437_[인구전략위원회](9.18.(금) 배포 즉시 보도) 김진오 부위원장, 일본 중의원 면담",2,2,0,1,1,0,1,1,0,1,1,0,0,0,0,1,1,0,1,1,0,1,1,0,0.98487,0.98487,0.0
korea-kr-pairs/156782438_260918 을지연습 사후강평회의 보도자료(최종),1,1,0,1,1,0,1,1,0,1,1,0,0,0,0,1,1,0,0.99299,0.99299,0.0,1,1,0,0.98714,0.98714,0.0
korea-kr-pairs/156782440_[보도자료]제13대 안병기 국립수목원장 취임(배포),2,2,0,1,1,0,1,1,0,1,1,0,0,0,0,1,1,0,1,1,0,1,1,0,0.98936,0.98936,0.0
korea-kr-pairs/156782442_260918(보도자료) 주택인 줄 알았는데 숙박시설 부동산 불법광고 1만여 건 적발(부동산소비자보호기획단),6,6,0,1,1,0,1,1,0,1,1,0,0,0,0,1,1,0,0.99906,0.99906,0.0,1,1,0,0.9914,0.9914,0.0
korea-kr-pairs/156782445_[보도참고자료] 이용 장벽 없는 장애친화 의료환경 만든다 장애 이용 편의 의료기관 현장 간담회 실시,5,5,0,1,1,0,0.992857,0.992857,0.0,0.972735,0.972735,0.0,0,0,0,0.99381,0.99381,0.0,0.99089,0.99089,0.0,1,1,0,0.96292,0.96292,0.0
korea-kr-pairs/156782446_[26-758](보도자료) AI를 활용한 포용적 지속가능한 개발협력 방안 모색(제19회 서울 ODA 국제회의 개최),1,1,0,1,1,0,1,1,0,1,1,0,0,0,0,1,1,0,0.99958,0.99958,0.0,1,1,0,0.9835,0.9835,0.0
"korea-kr-pairs/156782457_260918_원안위, 연구용 원자로 &apos;하나로&apos; 재가동 승인_보도자료",1,1,0,1,1,0,1,1,0,1,1,0,0,0,0,1,1,0,1,1,0,1,1,0,0.9869,0.9869,0.0
korea-kr-pairs/156782458_[국가데이터처]제28회 전국학생통계활용대회 시상식 개최_보도자료,5,5,0,1,1,0,1,1,0,1,1,0,0,0,0,1,1,0,1,1,0,1,1,0,0.99531,0.99531,0.0
korea-kr-pairs/156782460_260919 (16시) 일일이 누리집 안 찾아도 된다 국가 기록·역사 자료 인공지능으로 한곳에서 검색(국가기록원 서비스정책과),3,3,0,1,1,0,1,1,0,1,1,0,0,0,0,1,1,0,1,1,0,1,1,0,0.99476,0.99476,0.0
korea-kr-pairs/156782461_260918 제주지역 천명지킴 간담회 보도자료_최종,1,1,0,1,1,0,1,1,0,1,1,0,0,0,0,1,1,0,0.99191,0.99191,0.0,1,1,0,0.98479,0.98479,0.0
"korea-kr-pairs/156782465_[보도참고자료] 힘들때 129, 막막할 때 129, 추석연휴에도 129 보건복지상담센터 24시간 운영",2,2,0,1,1,0,1,1,0,1,1,0,0,0,0,1,1,0,0.99791,0.99791,0.0,1,1,0,0.99515,0.99515,0.0
"korea-kr-pairs/156782466_310 [지식재산처] 지식재산처, 산업용 AI 기업의 해외 IP 확보 역량 강화를 위해 현장 소통 나서",2,2,0,1,1,0,1,1,0,1,1,0,0,0,0,1,1,0,0.9973,0.9973,0.0,1,1,0,0.99377,0.99377,0.0
korea-kr-pairs/156782467_260918(1400) 새로운 형사사법체계 안착을 위한 개정 형사소송법 전국 권역별 교육 실시(수사기획),1,1,0,1,1,0,1,1,0,1,1,0,0,0,0,1,1,0,0.99741,0.99741,0.0,1,1,0,0.99042,0.99042,0.0
korea-kr-pairs/156782469_260918_제20차 부동산 불법행위 대응협의회 보도자료,7,7,0,1,1,0,1,1,0,1,1,0,0,0,0,1,1,0,0.9997,0.9997,0.0,1,1,0,0.98936,0.98936,0.0
korea-kr-pairs/156782470_260918 공무직위원회 출범식 및 회의 보도자료(최종),1,1,0,1,1,0,1,1,0,1,1,0,0,0,0,1,1,0,1,1,0,1,1,0,0.98836,0.98836,0.0
korea-kr-pairs/156782472_제36차 위원회 결과 (서면)브리핑(260918),1,1,0,1,1,0,1,1,0,1,1,0,0,0,0,1,1,0,0.99529,0.99529,0.0,1,1,0,0.97807,0.97807,0.0
"korea-kr-pairs/156782474_260918 (보도자료) 연계정보(CI) 분리·보관, 내년 1월 조기 시행",1,1,0,1,1,0,1,1,0,1,1,0,0,0,0,1,1,0,0.99274,0.99274,0.0,1,1,0,0.98561,0.98561,0.0
korea-kr-pairs/156782476_★260918 중장기위원회 전체회의 보도자료(최종),0,0,0,0.25,0.25,0.0,0.366667,0.366667,0.0,0.116667,0.116667,0.0,0,0,0,1,1,0,1,1,0,0.95833,0.95833,0.0,0.9738,0.9738,0.0
korea-kr-pairs/156782477_[보도참고자료] 명절에도 복지 위기 신호 놓치지 않는다,2,2,0,1,1,0,1,1,0,1,1,0,0,0,0,0.99945,0.99945,0.0,0.99836,0.99836,0.0,1,1,0,0.96421,0.96421,0.0
"korea-kr-pairs/156782479_(참고자료, 18(금) 18시엠바고)석유산업과, 10차 최고가격 동결, 중동정세 불안으로 민생경제 보호",1,1,0,1,1,0,1,1,0,1,1,0,0,0,0,1,1,0,0.99482,0.99482,0.0,1,1,0,0.98555,0.98555,0.0
"korea-kr-pairs/156782480_(참고자료)디지털경제통상과, 코스타리카, 디지털경제동반자협정 가입 발효",2,2,0,1,1,0,1,1,0,1,1,0,0,0,0,1,1,0,1,1,0,1,1,0,0.99648,0.99648,0.0
"korea-kr-pairs/156782481_260918_한성숙 국무총리, 주택공급 현장점검 보도자료(최종)",1,1,0,1,1,0,1,1,0,1,1,0,0,0,0,1,1,0,0.99384,0.99384,0.0,1,1,0,0.98722,0.98722,0.0
korea-kr-pairs/156782482_260918_보도자료_공무직위원회 출범식,4,4,0,1,1,0,1,1,0,1,1,0,0,0,0,1,1,0,0.99893,0.99893,0.0,1,1,0,0.9894,0.9894,0.0
korea-kr-pairs/156782484_(보도자료) 「재외동포의 출입국과 법적 지위에 관한 법률」이 태어난 27번째 9월…지역사회와 동포가 함께 만드는 따뜻한 명절 (배포즉시보도),3,3,0,1,1,0,1,1,0,1,1,0,0,0,0,1,1,0,0.99954,0.99954,0.0,1,1,0,0.9972,0.9972,0.0
"korea-kr-pairs/156782485_(보도자료) 법무부, 결혼이민자 본국 가족의 체류기간 연장과 이주배경 아동·청소년 지원 기반 마련 추진 (배포즉시보도)",6,6,0,1,1,0,1,1,0,1,1,0,0,0,0,1,1,0,0.99642,0.99642,0.0,1,1,0,0.99544,0.99544,0.0
korea-kr-pairs/156782486_[26-759](보도자료) 한미 외교장관회담 결과(9.18.),1,1,0,1,1,0,1,1,0,1,1,0,0,0,0,1,1,0,1,1,0,1,1,0,0.99429,0.99429,0.0
korea-kr-pairs/156782487_260919_보도자료_2026 제48회 중국 상하이 국제기능올림픽대회 국가대표 선수단 출국(한국산업인력공단),0,0,0,0.428118,0.428118,0.0,0.501661,0.501661,0.0,0.474777,0.474777,0.0,0,0,0,1,1,0,0.99953,0.99953,0.0,1,1,0,0.99711,0.99711,0.0
"korea-kr-pairs/156782488_[26-760](보도자료) 조현 장관, 미국 방문 계기 존 햄리 CSIS 명예소장 면담(9.18.)",1,1,0,1,1,0,1,1,0,1,1,0,0,0,0,1,1,0,0.99847,0.99847,0.0,1,1,0,0.99213,0.99213,0.0
korea-kr-pairs/156782489_(방역정책국-구제역방역과) 인천광역시 강화군 소재 소(牛) 농장 예찰 검사에서 구제역 확진(9.19. 배포 시),1,1,0,1,1,0,1,1,0,1,1,0,0,0,0,1,1,0,0.99094,0.99094,0.0,1,1,0,0.98606,0.98606,0.0
"korea-kr-pairs/156782503_[9.20.일 행사 시작(6시 30분) 이후] 건강하고 즐거운 취향으로 노담 이형훈 제2차관, 청년들과 노담러닝 참여",3,3,0,1,1,0,1,1,0,1,1,0,0,0,0,0.99741,0.99741,0.0,0.99586,0.99586,0.0,1,1,0,0.98842,0.98842,0.0
korea-kr-pairs/156782504_260918_(동정)_황종우_해수부_장관_추석명절_맞아__관내_사회복지시설_위문,1,1,0,1,1,0,1,1,0,1,1,0,0,0,0,1,1,0,1,1,0,1,1,0,1,1,0
korea-kr-pairs/156782505_260918_(동정)_해수부_추석_차례상_수산_성수품_수급가격_집중_점검,1,1,0,1,1,0,1,1,0,1,1,0,0,0,0,1,1,0,1,1,0,1,1,0,1,1,0
korea-kr-pairs/156782510_(국제농식품협력관-검역정책과) 한우 카타르 수출길 열렸다... 뼈 없는 냉장·냉동 쇠고기 수출 가능(9. 20. 11시부터),1,1,0,1,1,0,1,1,0,1,1,0,0,0,0,1,1,0,0.99175,0.99175,0.0,1,1,0,0.9965,0.9965,0.0
korea-kr-pairs/156782511_(농촌소득에너지정책관-농업재해지원팀) 농식품부 여름철 폭염 우박 등 피해농가에 추석 명절 전 재해복구비 지원(9. 20. 11시부터),1,1,0,1,1,0,1,1,0,1,1,0,0,0,0,1,1,0,0.99143,0.99143,0.0,1,1,0,0.97723,0.97723,0.0
korea-kr-pairs/156782512_260921(조간) 해수부 추석 연휴에도 안전하고 막힘없는 항만서비스 제공한다(항만물류산업과),1,1,0,1,1,0,1,1,0,1,1,0,0,0,0,1,1,0,1,1,0,1,1,0,0.98638,0.98638,0.0
korea-kr-pairs/156782513_260921(조간) 해양 수도권에 해양 사물인터넷 구축한다(항행정보정책과),1,1,0,1,1,0,1,1,0,1,1,0,0,0,0,1,1,0,1,1,0,1,1,0,1,1,0
korea-kr-pairs/156782514_260921(조간) 해양수산부 추석 명절 전 고수온 피해 어가에 재난 지원금 137억 원 신속 지원한다(어촌양식정책과),1,1,0,1,1,0,1,1,0,1,1,0,0,0,0,1,1,0,1,1,0,1,1,0,0.9952,0.9952,0.0
korea-kr-pairs/156782515_260921(조간)_안전운전_배달_종사자_보험료_최대_11퍼센트_할인(생활물류정책팀),2,2,0,1,1,0,1,1,0,1,1,0,0,0,0,1,1,0,1,1,0,1,1,0,0.99648,0.99648,0.0
korea-kr-pairs/156782516_260921(조간)_정부_합동_특별교통대책을_시행합니다(교통정책총괄과),1,1,0,1,1,0,1,1,0,1,1,0,0,0,0,0.99663,0.99663,0.0,0.9973,0.9973,0.0,1,1,0,0.94027,0.94027,0.0
korea-kr-pairs/156782517_260921(조간)_철도여행_2개월_전부터_준비하세요_(철도운영과),1,1,0,1,1,0,1,1,0,1,1,0,0,0,0,1,1,0,0.9927,0.9927,0.0,1,1,0,0.98279,0.98279,0.0
korea-kr-pairs/156782518_260921(조간)_청년_고령자_양육가구_등_수요자_맞춤형_특화주택_공모(청년주거정책과),3,3,0,1,1,0,1,1,0,1,1,0,0,0,0,1,1,0,0.99862,0.99862,0.0,1,1,0,0.97898,0.97898,0.0
korea-kr-pairs/156782521_[9.21.월.조간] 추석연휴 건강하게! 감염병 예방수칙은 철저하게!,11,11,0,1,1,0,1,1,0,1,1,0,0,0,0,1,1,0,0.99667,0.99667,0.0,1,1,0,0.98736,0.98736,0.0
"korea-kr-pairs/156782522_[9.21.월 조간] ‘일하는 즐거움, 당당한 어르신, 활기찬 대한민국’ 노인일자리가 만들어 갑니다",9,9,0,0.878788,0.878788,0.0,0.917526,0.917526,0.0,0.886716,0.886716,0.0,0,0,0,0.99851,0.99851,0.0,0.99664,0.99664,0.0,1,1,0,0.96784,0.96784,0.0
korea-kr-pairs/156782523_함께 누리는 지구를 위한 기후행동… 국민 참여 환경교육 축제 개최(보도자료)(환경교육 9.20),2,2,0,1,1,0,1,1,0,1,1,0,0,0,0,1,1,0,0.99941,0.99941,0.0,1,1,0,0.98967,0.98967,0.0
korea-kr-pairs/156782524_생활 속 작은 실천으로 추석 명절 층간소음 갈등 예방해요(보도자료)(대기환경 9.20),2,2,0,1,1,0,1,1,0,1,1,0,0,0,0,1,1,0,0.98944,0.98944,0.0,1,1,0,0.99466,0.99466,0.0
korea-kr-pairs/156782525_260920_보도자료_반도체 제조업 집중 점검 결과 발표,4,4,0,0.842105,0.842105,0.0,0.851852,0.851852,0.0,0.795833,0.795833,0.0,0,0,0,1,1,0,1,1,0,0.98374,0.98374,0.0,0.99409,0.99409,0.0
korea-kr-pairs/156782527_18-1_생산유통현장목소리듣고참외품질선별기술고도화(농과원),3,3,0,1,1,0,1,1,0,1,1,0,0,0,0,1,1,0,0.9887,0.9887,0.0,1,1,0,0.99674,0.99674,0.0
korea-kr-pairs/156782529_18-2_명절전요리3선소개버섯으로더가볍고맛있게(원예원),3,3,0,1,1,0,1,1,0,1,1,0,0,0,0,1,1,0,1,1,0,1,1,0,0.99733,0.99733,0.0
korea-kr-pairs/156782531_18-3_반려동물먹이부터_건강관리까지…반려동물_산업_발전_방향_논의(축산원),1,1,0,1,1,0,1,1,0,1,1,0,0,0,0,1,1,0,1,1,0,1,1,0,1,1,0
korea-kr-pairs/156782533_18-4_(즉시보도_전매체)농촌진흥청스마트농업기술심의회출범(연정국),3,3,0,1,1,0,1,1,0,1,1,0,0,0,0,1,1,0,1,1,0,1,1,0,1,1,0
korea-kr-pairs/156782535_18-5_(즉시보도_통전지)밭농업기계화확산현장에서답을찾다우수기술연전시회성료(지원국),2,2,0,1,1,0,1,1,0,1,1,0,0,0,0,1,1,0,0.99757,0.99757,0.0,1,1,0,0.99342,0.99342,0.0
korea-kr-pairs/156782537_18-6_(즉시보도_통전지)치유농업산업화분야별전문가의견수렴해실행전략보완(지원국),2,2,0,1,1,0,1,1,0,1,1,0,0,0,0,1,1,0,0.9948,0.9948,0.0,1,1,0,0.99231,0.99231,0.0
korea-kr-pairs/156782539_18-7_(즉시보도_통전지)농촌진흥청__그린빈_재배_어려움_‘현장ON’으로_잇고_맞춤형_해법_찾는다(기획조정),1,1,0,1,1,0,1,1,0,1,1,0,0,0,0,1,1,0,1,1,0,1,1,0,0.98739,0.98739,0.0
korea-kr-pairs/156782588_(농촌정책국-농촌경제과) 농식품부 장관 추석·가을 여행철 맞이 농촌체험마을 현장 점검(9. 19. 15시 30분부터),1,1,0,1,1,0,1,1,0,1,1,0,0,0,0,1,1,0,1,1,0,1,1,0,1,1,0
korea-kr-pairs/156782589_260918_보도자료_양육비 선지급제 소득기준 폐지_최종배포,2,2,0,1,1,0,1,1,0,1,1,0,0,0,0,1,1,0,1,1,0,1,1,0,0.99014,0.99014,0.0
korea-kr-pairs/156782592_[9.21.보도참고자료] 2026년 4분기 중점·검역관리지역 지정 발표,2,2,0,1,1,0,1,1,0,1,1,0,0,0,0,0.99929,0.99929,0.0,1,1,0,1,1,0,0.9863,0.9863,0.0
korea-kr-pairs/156782683_260921_보도자료_우리동네 돌봄공간 공동육아나눔터 17곳 새단장_최종배포,2,2,0,1,1,0,1,1,0,1,1,0,0,0,0,1,1,0,0.99338,0.99338,0.0,1,1,0,1,1,0
korea-kr-pairs/156782750_(식품산업정책관-푸드테크정책과) ‘요리하는 로봇’ 시대 연다… 농식품부 전국 1호 ‘식품로봇 푸드테크 연구지원센터’ 포항서 준공(9. 17. 16시 30분부터),1,1,0,1,1,0,1,1,0,1,1,0,0,0,0,1,1,0,0.99555,0.99555,0.0,1,1,0,0.98205,0.98205,0.0
korea-kr-pairs/156783127_(금융위)260918(보도자료) 추석 명절 전후 보이스피싱 피해에 주의하세요!,7,7,0,1,1,0,0.962963,0.962963,0.0,0.817496,0.817496,0.0,0,0,0,1,1,0,0.99931,0.99931,0.0,1,1,0,0.99281,0.99281,0.0
korea-kr-pairs/156783155_260923_(동정)_추석_연휴_앞두고_수산_성수품_수급·할인_실태_점검,1,1,0,1,1,0,1,1,0,1,1,0,0,0,0,1,1,0,1,1,0,1,1,0,1,1,0
korea-kr-pairs/156783156_260923_(동정)_남재헌_해수부_차관__울산항_위험물_하역현장_방문__철저한_해양_안전관리_당부,1,1,0,1,1,0,1,1,0,1,1,0,0,0,0,1,1,0,1,1,0,1,1,0,1,1,0
korea-kr-pairs/156783157_260923 추석명절 비상근무기관 격려 방문 보도자료(최종),1,1,0,1,1,0,1,1,0,1,1,0,0,0,0,1,1,0,1,1,0,1,1,0,0.9952,0.9952,0.0
korea-kr-pairs2/156775627_260827(석간) 페달 오조작 방지장치 튜닝부품 인증기준 마련(자동차정책과),1,1,0,1,1,0,1,1,0,1,1,0,0,0,0,1,1,0,0.99331,0.99331,0.0,1,1,0,0.99218,0.99218,0.0
korea-kr-pairs2/156775628_[0827]문체부보도자료-대한민국 반값여행 하반기 사업 추진,1,1,0,1,1,0,1,1,0,1,1,0,0,0,0,1,1,0,0.99466,0.99466,0.0,1,1,0,0.99394,0.99394,0.0
korea-kr-pairs2/156775629_한-베트남 정상외교 성과 후속으로 양국 에너지 협력 구체화(보도자료)(국제협력 8.27),2,2,0,1,1,0,1,1,0,1,1,0,0,0,0,1,1,0,0.99919,0.99919,0.0,1,1,0,1,1,0
"korea-kr-pairs2/156775630_[26.8.27.(목) 보도자료] 식약처-지방정부, 전통시장 내 의약품 불법 유통 근절을 위한 기획합동감시 실시",2,2,0,1,1,0,1,1,0,1,1,0,0,0,0,1,1,0,1,1,0,1,1,0,0.99148,0.99148,0.0
"korea-kr-pairs2/156775631_[26.8.27.(목) 보도참고자료] 식약처, 서울시 의료용 마약류 감시 공무원 대상 안전관리 공동 교육 추진",3,3,0,1,1,0,1,1,0,1,1,0,0,0,0,1,1,0,0.99848,0.99848,0.0,0.98077,0.98077,0.0,0.99122,0.99122,0.0
korea-kr-pairs2/156775632_[26.8.27.(목) 보도자료] 의료용 마약류 프로포폴 처방할 때 투약내역 확인하세요,3,3,0,1,1,0,1,1,0,1,1,0,0,0,0,1,1,0,0.99839,0.99839,0.0,1,1,0,0.99131,0.99131,0.0
korea-kr-pairs2/156775633_(260827) 공직자로의 첫걸음 반부패 법령 바로 알기부터,1,1,0,1,1,0,1,1,0,1,1,0,0,0,0,1,1,0,1,1,0,1,1,0,0.98605,0.98605,0.0
korea-kr-pairs2/156775634_(260827) 최근 3년간 공공재정 부정수급 들여다보니...환수 건수는 줄고 금액은 늘어...,4,4,0,1,1,0,1,1,0,1,1,0,0,0,0,1,1,0,1,1,0,1,1,0,0.98676,0.98676,0.0
korea-kr-pairs2/156775635_[8.27.보도참고자료] 에볼라 국내 유입 대비 민‧관이 함께한 지난 100일간의 총력 대응,4,4,0,1,1,0,1,1,0,1,1,0,0,0,0,1,1,0,0.99983,0.99983,0.0,1,1,0,0.9845,0.9845,0.0
korea-kr-pairs2/156775650_260827(참고) 대규모유통업법 시행령 및 고시 입법 행정예고,7,7,0,0.986111,0.986111,0.0,0.989362,0.989362,0.0,0.98829,0.98829,0.0,0,0,0,0.99975,0.99975,0.0,0.99975,0.99975,0.0,1,1,0,0.98244,0.98244,0.0
"korea-kr-pairs2/156775654_[26-686](공동보도자료) 정부, 서해 북방한계선(NLL) 불법조업 외국어선 대응 방안 발표",1,1,0,1,1,0,1,1,0,1,1,0,0,0,0,1,1,0,0.99529,0.99529,0.0,1,1,0,0.9904,0.9904,0.0
korea-kr-pairs2/156775656_260827 (10시30분) 호우 피해 신속 복구를 위한 복구대책지원본부 회의 개최(복구지원과),1,1,0,1,1,0,1,1,0,1,1,0,0,0,0,1,1,0,0.99191,0.99191,0.0,1,1,0,0.97023,0.97023,0.0
"korea-kr-pairs2/156775658_[8.27.행사시작(10시40분)이후] 질병관리청-국립중앙의료원,손상·응급의료 데이터 연계·활용을 위한업무협약 체결",2,2,0,1,1,0,1,1,0,1,1,0,0,0,0,1,1,0,0.99598,0.99598,0.0,1,1,0,0.9893,0.9893,0.0
korea-kr-pairs2/156775662_(농업정책관-농지과) 농사짓다 화장실 가려면 농지전용 이제 달라집니다(8.27. 11시 온라인),2,2,0,1,1,0,1,1,0,1,1,0,0,0,0,1,1,0,0.99941,0.99941,0.0,0.93333,0.93333,0.0,1,1,0
korea-kr-pairs2/156775663_(농림축산검역본부) 식물병해충 전문가를 꿈꾸다! 식물검역 미래 인재들 한자리에(8.27. 11시 온라인),2,2,0,1,1,0,1,1,0,1,1,0,0,0,0,1,1,0,1,1,0,1,1,0,0.98694,0.98694,0.0
"korea-kr-pairs2/156775664_260828(조간) 해수부, 가을철 취약 해양사고 예방을 위한 맞춤형 대책 시행(해사안전정책과)",1,1,0,1,1,0,1,1,0,1,1,0,0,0,0,1,1,0,1,1,0,1,1,0,0.98299,0.98299,0.0
korea-kr-pairs2/156775665_260828(조간) 친환경선박 확산으로 &#039;녹색해운항로&#039; 시대를 향해(해사산업기술과),3,3,0,1,1,0,0.909091,0.909091,0.0,0.978632,0.978632,0.0,0,0,0,0.99373,0.99373,0.0,0.99852,0.99852,0.0,1,1,0,0.9793,0.9793,0.0
"korea-kr-pairs2/156775666_260828(조간) 친환경 선박부터 해양 ai 기술까지, 해양환경 특강을 라이브로 즐겨요(해양환경정책과)",2,2,0,1,1,0,1,1,0,1,1,0,0,0,0,1,1,0,0.99933,0.99933,0.0,1,1,0,0.98811,0.98811,0.0
korea-kr-pairs2/156775667_260828(조간) KTX·SRT 고속철도 통합 안전하고 빈틈없이 준비한다(고속철도통합추진TF팀),1,1,0,1,1,0,1,1,0,1,1,0,0,0,0,1,1,0,1,1,0,1,1,0,0.99764,0.99764,0.0
"korea-kr-pairs2/156775672_20260827_보도자료_전남광주 해남지역에서 연속 발생한 지진, 지진활동 감소 추세",3,3,0,1,1,0,1,1,0,1,1,0,0,0,0,1,1,0,0.9982,0.9982,0.0,1,1,0,0.98455,0.98455,0.0
"korea-kr-pairs2/156775673_[26-687](보도자료) 청년이 만드는 국제개발협력 청사진, 외교부, 국제개발협력 청년 공모전 개최",2,2,0,1,1,0,1,1,0,1,1,0,0,0,0,1,1,0,0.99906,0.99906,0.0,1,1,0,1,1,0
korea-kr-pairs2/156775674_[260827 11시보도] 실종아동과 입양인 개인정보 유출한 국가아동권리보장원 제재(조사총괄과),4,4,0,1,1,0,1,1,0,1,1,0,0,0,0,0.9991,0.9991,0.0,1,1,0,1,1,0,0.99277,0.99277,0.0
korea-kr-pairs2/156775675_[260827 11시보도] 안전조치 의무를 위반한 HD현대그룹 소속 2개 사업자 제재(조사1과),2,2,0,1,1,0,1,1,0,1,1,0,0,0,0,1,1,0,1,1,0,1,1,0,0.98592,0.98592,0.0
korea-kr-pairs2/156775676_[260827 11시보도] 금융분야 불필요한 주민등록번호 처리 관행 개선(사전실태점검과),1,1,0,1,1,0,1,1,0,1,1,0,0,0,0,1,1,0,0.99437,0.99437,0.0,1,1,0,0.98123,0.98123,0.0
korea-kr-pairs2/156775677_260827 (보도자료) 「퇴직연금형 개인투자용 국채」 개시_최종★★,1,1,0,1,1,0,1,1,0,1,1,0,0,0,0,1,1,0,0.99878,0.99878,0.0,0.92308,0.92308,0.0,0.9863,0.9863,0.0
"korea-kr-pairs2/156775681_종자채취 앞두고 ‘안전’부터 챙긴다…국립산림품종관리센터, 전문기관 합동교육_보도자료",1,1,0,1,1,0,1,1,0,1,1,0,0,0,0,1,1,0,1,1,0,1,1,0,0.9939,0.9939,0.0
"korea-kr-pairs2/156775683_(260827) 청렴한 미래 인재 양성, 국민권익위와 국립한밭대가 함께 합니다",1,1,0,1,1,0,1,1,0,1,1,0,0,0,0,1,1,0,1,1,0,1,1,0,0.99263,0.99263,0.0
korea-kr-pairs2/156775684_[26.8.27.(목) 보도자료] 국내 유통 중인 중국산 배추김치 등 포름알데히드 검사...82건 모두 불검출,1,1,0,1,1,0,1,1,0,1,1,0,0,0,0,1,1,0,0.99485,0.99485,0.0,1,1,0,0.98263,0.98263,0.0
korea-kr-pairs2/156775685_에너지산업 미래 인재 양성을 위한 수도전기공고 발전방안 논의(기후부 보도참고자료),2,2,0,1,1,0,1,1,0,1,1,0,0,0,0,1,1,0,0.99295,0.99295,0.0,1,1,0,0.9927,0.9927,0.0
"korea-kr-pairs2/156775686_268 [지식재산처] 지식재산처, ‘직접 만들고 함께 쓰는’ 인공지능 업무혁신 본격화",2,2,0,1,1,0,1,1,0,1,1,0,0,0,0,0.9962,0.9962,0.0,0.99557,0.99557,0.0,1,1,0,0.98658,0.98658,0.0
korea-kr-pairs2/156775687_269 [지식재산처] 특허가 매출·수출·기업상장으로…지역기업 키우는 지식재산,3,3,0,1,1,0,1,1,0,1,1,0,0,0,0,1,1,0,0.99885,0.99885,0.0,1,1,0,0.99012,0.99012,0.0
"korea-kr-pairs2/156775688_270 [지식재산처] 아세안에서 K-지식재산 전파, K-상표 보호에 앞장선다!",7,7,0,1,1,0,1,1,0,1,1,0,0,0,0,1,1,0,0.99972,0.99972,0.0,1,1,0,0.99496,0.99496,0.0
korea-kr-pairs2/156775689_(별첨1) 지역의사의 양성 및 지원 등에 관한 법률 시행령 일부개정령안,4,4,0,1,1,0,1,1,0,1,1,0,0,0,0,0.99925,0.99925,0.0,0.99925,0.99925,0.0,1,1,0,0.96735,0.96735,0.0
korea-kr-pairs2/156775689_(별첨2) 지역의사선발전형 선발 등에 관한 고시 일부개정고시안,2,2,0,1,1,0,1,1,0,1,1,0,0,0,0,1,1,0,0.99225,0.99225,0.0,0.96667,0.96667,0.0,0.9676,0.9676,0.0
korea-kr-pairs2/156775689_[보도참고자료] 둘 이상 진료권에 걸친 학교군의 지역의사선발전형 거주요건 기준 보완,2,2,0,1,1,0,1,1,0,1,1,0,0,0,0,1,1,0,1,1,0,1,1,0,1,1,0
korea-kr-pairs2/156775690_260828(조간) 섬유탈취제 8종 품질 비교정보 제공,19,19,0,1,1,0,0.998628,0.998628,0.0,0.997864,0.997864,0.0,0,0,0,1,1,0,0.99801,0.99801,0.0,1,1,0,0.99331,0.99331,0.0
korea-kr-pairs2/156775691_(식량정책관-식량산업과) 2026년 벼 재배면적 670천ha로 국가데이터처 발표 ‘수급조절용 벼’ 제외 시 659천ha(8.27. 12시 온라인),2,2,0,1,1,0,1,1,0,1,1,0,0,0,0,1,1,0,0.99917,0.99917,0.0,1,1,0,0.98569,0.98569,0.0
"korea-kr-pairs2/156775692_(260827) 국세청, 일하는 저소득 가구의 든든한 버팀목, &#039;25년 귀속 정기분 근로자녀장려금 270만 가구에 2.9조 원 지급",15,15,0,1,1,0,1,1,0,1,1,0,0,0,0,0.99934,0.99934,0.0,0.99376,0.99376,0.0,1,1,0,0.98597,0.98597,0.0
korea-kr-pairs2/156775696_260827 (취업심사과) 2026년 8월 퇴직공직자 취업심사 결과 공개,3,3,0,1,1,0,1,1,0,1,1,0,0,0,0,1,1,0,0.99939,0.99939,0.0,1,1,0,0.99281,0.99281,0.0
korea-kr-pairs2/156775698_260827 (인재정책과) 내년부터 검정시험 … ‘공직적격성평가’ 운영 방향 발표,2,2,0,1,1,0,1,1,0,1,1,0,0,0,0,1,1,0,0.99411,0.99411,0.0,1,1,0,0.99731,0.99731,0.0
korea-kr-pairs2/156775699_기후부 신규댐 7곳 추진… 필요한 곳은 짓고 대안이 효과적인 곳은 바꾼다(보도자료)(수자원개발 8.27),9,9,0,1,1,0,1,1,0,1,1,0,0,0,0,0.99822,0.99822,0.0,0.99696,0.99696,0.0,1,1,0,0.98583,0.98583,0.0
korea-kr-pairs2/156775700_(보도자료)2026년 2분기 가계동향조사 결과,4,4,0,0.271907,0.271907,0.0,0.217961,0.217961,0.0,0.199694,0.199694,0.0,0,0,0,,,,,,,,,,,,
korea-kr-pairs2/156775701_2026년 벼 고추 재배면적조사 결과 보도자료,11,11,0,0.776375,0.776375,0.0,0.816676,0.816676,0.0,0.745157,0.745157,0.0,0,0,0,0.97487,0.97487,0.0,0.94525,0.94525,0.0,0.9713,0.9713,0.0,0.98329,0.98329,0.0
korea-kr-pairs2/156775704_260828 (조간) 온오프라인으로 전하는 국민 목소리 에스컬레이터 안전 대책에 담는다(국민참여정책과),3,3,0,1,1,0,1,1,0,1,1,0,0,0,0,1,1,0,1,1,0,1,1,0,1,1,0
korea-kr-pairs2/156775706_260828 (조간) 법으로 보호받는 모바일신분증 8월 28일부터 안심하고 사용한다(국민맞춤서비스과),2,2,0,1,1,0,1,1,0,1,1,0,0,0,0,1,1,0,0.99369,0.99369,0.0,1,1,0,0.98389,0.98389,0.0
korea-kr-pairs2/156775708_260828 (조간) 공공 정보시스템 1만 5천여 개 등급 전면 재조정 국민 영향 중심으로 개편(정보자원관리혁신과),3,3,0,1,1,0,1,1,0,1,1,0,0,0,0,1,1,0,1,1,0,1,1,0,0.98929,0.98929,0.0
korea-kr-pairs2/156775709_★(보도참고) 260827 26년 2분기 가계동향조사 결과,1,1,0,1,1,0,1,1,0,1,1,0,0,0,0,1,1,0,0.99884,0.99884,0.0,1,1,0,0.96022,0.96022,0.0
korea-kr-pairs2/156775710_(보도자료) 260826 글로벌 핵심 투자자 협의체 개최 보도자료_최최종,2,2,0,1,1,0,1,1,0,1,1,0,0,0,0,1,1,0,0.99525,0.99525,0.0,1,1,0,0.99052,0.99052,0.0
korea-kr-pairs2/156775715_(정책기획관-혁신행정담당관) 제2회 국민과 함께하는 특별성과 포상! 탁월한 성과에는 파격적인 보상을(8.27. 13시부터),1,1,0,1,1,0,1,1,0,1,1,0,0,0,0,1,1,0,1,1,0,1,1,0,0.9904,0.9904,0.0
korea-kr-pairs2/156775717_260827_보도자료_2026년 7월 사업체노동력조사 및 2026년 4월 지역별사업체노동력조사 결과 발표,83,83,0,0.988095,0.988095,0.0,0.997373,0.997373,0.0,0.991048,0.991048,0.0,0,0,0,0.9992,0.9992,0.0,0.97653,0.97653,0.0,0.99246,0.99246,0.0,0.99235,0.99235,0.0
korea-kr-pairs2/156775719_(국제농식품협력관-자유무역협정팀)CPTPP 가입추진 사회적 논의 착수 관련 설명(8.27. 배포 시 온라인),1,1,0,1,1,0,1,1,0,1,1,0,0,0,0,1,1,0,0.99143,0.99143,0.0,1,1,0,0.99033,0.99033,0.0
korea-kr-pairs2/156775720_(별첨) 제9차 의료혁신위원회 안건,10,10,0,1,1,0,1,1,0,1,1,0,0,0,0,0.9978,0.9978,0.0,0.98965,0.98965,0.0,0.99052,0.99052,0.0,0.98331,0.98331,0.0
korea-kr-pairs2/156775720_[8.27.목 브리핑 시작(13시) 이후] 초고령사회 대응 위한 지역보건 일차의료 혁신방안 논의,2,2,0,1,1,0,1,1,0,1,1,0,0,0,0,0.99551,0.99551,0.0,0.9991,0.9991,0.0,1,1,0,0.98088,0.98088,0.0
korea-kr-pairs2/156775724_재생에너지 사고팔 기업 이제 한곳에서 만난다(보도자료)(재생에너지정책 8.27),2,2,0,1,1,0,1,1,0,1,1,0,0,0,0,1,1,0,0.99947,0.99947,0.0,1,1,0,1,1,0
korea-kr-pairs2/156775725_260827_보도자료_특성화고 연계 훈련 워크숍(건설근로자공제회),1,1,0,1,1,0,1,1,0,1,1,0,0,0,0,1,1,0,1,1,0,1,1,0,0.99529,0.99529,0.0
korea-kr-pairs2/156775726_260827_보도설명_조선일보_호남 반도체 공장 노동쟁의 대상 되나,1,1,0,1,1,0,1,1,0,1,1,0,0,0,0,1,1,0,0.99057,0.99057,0.0,1,1,0,0.99571,0.99571,0.0
"korea-kr-pairs2/156775730_260827(10시30분) 정부, _서해 북방한계선(nll) 불법조업 외국어선 대응 방안_ 발표(지도교섭과)",1,1,0,1,1,0,1,1,0,1,1,0,0,0,0,1,1,0,0.99437,0.99437,0.0,1,1,0,0.99757,0.99757,0.0
"korea-kr-pairs2/156775732_260827 (보도자료) “인공지능서비스, 불법·유해정보 대응해야”",2,2,0,1,1,0,1,1,0,1,1,0,0,0,0,1,1,0,0.99946,0.99946,0.0,1,1,0,0.99197,0.99197,0.0
korea-kr-pairs2/156775736_폐가전 속 희토류 국내 산업 원료로 되살린다(보도자료)(핵심자원 8.27),2,2,0,1,1,0,1,1,0,1,1,0,0,0,0,1,1,0,0.99811,0.99811,0.0,1,1,0,1,1,0
korea-kr-pairs2/156775737_260827_보도자료_제14차 ASEAN+3 노동장관회의,2,2,0,1,1,0,1,1,0,1,1,0,0,0,0,1,1,0,0.99977,0.99977,0.0,1,1,0,0.99746,0.99746,0.0
"korea-kr-pairs2/156775741_0827(28조간)조선해양플랜트과, 친환경선박 확산으로 ‘녹색해운항로’ 시대를 향해",3,3,0,1,1,0,0.909091,0.909091,0.0,0.978632,0.978632,0.0,0,0,0,0.99371,0.99371,0.0,0.99851,0.99851,0.0,1,1,0,0.98073,0.98073,0.0
korea-kr-pairs2/156775742_[보도참고자료] 현장 목소리 반영해 장애인학대 대응한다 장애인권익옹호기관장 간담회 개최,2,2,0,1,1,0,1,1,0,1,1,0,0,0,0,1,1,0,0.9955,0.9955,0.0,1,1,0,0.98772,0.98772,0.0
korea-kr-pairs2/156775744_260827_복잡·다기한_중소기업_지원사업을_효율화하고_신성장_분야_육성_등_전략사업에_재투자한다,1,1,0,1,1,0,1,1,0,1,1,0,0,0,0,1,1,0,0.9975,0.9975,0.0,0.91803,0.91803,0.0,0.99081,0.99081,0.0
korea-kr-pairs2/156775745_260827_2026년_상반기_창업기업동향_발표,2,2,0,1,1,0,1,1,0,1,1,0,0,0,0,1,1,0,0.99847,0.99847,0.0,1,1,0,0.9963,0.9963,0.0
"korea-kr-pairs2/156775746_국가데이터처,+아시아·태평양+개발도상국+공무원+대상+빈곤측정+및+통계+국제연수+실시+보도+자료",1,1,0,1,1,0,1,1,0,1,1,0,0,0,0,1,1,0,0.99936,0.99936,0.0,1,1,0,0.98741,0.98741,0.0
korea-kr-pairs2/156775748_260827_보도자료_제1차 젠더폭력 대응 세미나 개최_최종배포본,2,2,0,1,1,0,1,1,0,1,1,0,0,0,0,1,1,0,1,1,0,1,1,0,0.98163,0.98163,0.0
korea-kr-pairs2/156775756_인공지능 데이터센터 전력망 안정적으로 연결한다… 연구회 본격 가동(보도자료)(계통운영 8.27),2,2,0,1,1,0,1,1,0,1,1,0,0,0,0,1,1,0,0.99938,0.99938,0.0,1,1,0,0.99287,0.99287,0.0
korea-kr-pairs2/156775757_260827(1200) 2026 ISCR 국제 사이버범죄대응 &#039;심포지엄&#039; 개최(사이버범죄),1,1,0,1,1,0,1,1,0,1,1,0,0,0,0,1,1,0,0.99452,0.99452,0.0,1,1,0,0.98148,0.98148,0.0
korea-kr-pairs2/156775758_260828(조간용) 어린이 보호구역 시간제 속도제한 운영 기준 개선(교통기획),5,5,0,1,1,0,0.945946,0.945946,0.0,0.983696,0.983696,0.0,0,0,0,0.99714,0.99714,0.0,0.99904,0.99904,0.0,1,1,0,0.98062,0.98062,0.0
"korea-kr-pairs2/156775763_[26.8.27.(목) 보도자료] 식약처-플랫폼 협회, 식의약 온라인 안전관리를 위한 업무협약 체결",2,2,0,1,1,0,1,1,0,1,1,0,0,0,0,1,1,0,0.99752,0.99752,0.0,1,1,0,0.98992,0.98992,0.0
"korea-kr-pairs2/156775764_20260827_보도자료_지상부터 우주까지, 관측부터 예보까지 슈퍼컴퓨팅 캠프에서 내 손으로 직접 경험한다",1,1,0,1,1,0,1,1,0,1,1,0,0,0,0,1,1,0,0.99936,0.99936,0.0,1,1,0,0.9964,0.9964,0.0
"korea-kr-pairs2/156775765_20260827_보도자료_기상기후인재개발원 신청사 개원, 국가 기상기후 인재 양성 본격화",3,3,0,1,1,0,1,1,0,1,1,0,0,0,0,1,1,0,0.99654,0.99654,0.0,1,1,0,0.98229,0.98229,0.0
korea-kr-pairs2/156775766_[26-688](보도자료) 서울외교포럼(Seoul Diplomacy Forum) 2026 개최,1,1,0,1,1,0,1,1,0,1,1,0,0,0,0,1,1,0,0.99887,0.99887,0.0,1,1,0,0.98611,0.98611,0.0
korea-kr-pairs2/156775768_(260827)보도자료-산림_분야_3개_법률안_국회_본회의_통과,1,1,0,1,1,0,1,1,0,1,1,0,0,0,0,1,1,0,1,1,0,1,1,0,0.99638,0.99638,0.0
korea-kr-pairs2/156775770_260827 2026 상반기 청년인턴 정책참여활동 발표회_보도자료,2,2,0,1,1,0,1,1,0,1,1,0,0,0,0,1,1,0,1,1,0,1,1,0,0.9949,0.9949,0.0
korea-kr-pairs2/156775772_(260827)보도자료-산림청__울란바타르에서_세계_사막화방지를_위한_국제적_리더십_강조,1,1,0,1,1,0,1,1,0,1,1,0,0,0,0,1,1,0,1,1,0,1,1,0,0.99552,0.99552,0.0
"korea-kr-pairs2/156775775_[보도참고자료] “육아가 막막할 때, 선배 아빠와 함께 답 찾아요” 100인의 아빠단 육아멘토링(육친소 DAY) 개최",3,3,0,1,1,0,1,1,0,1,1,0,0,0,0,1,1,0,0.99864,0.99864,0.0,1,1,0,1,1,0
korea-kr-pairs2/156775776_(★모두발언) 제2차 재정운용전략협의회 모두발언(배포),0,0,0,1,1,0,1,1,0,1,1,0,0,0,0,0.9946,0.9946,0.0,0.9946,0.9946,0.0,1,1,0,0.97575,0.97575,0.0
korea-kr-pairs2/156775776_(★보도자료) 제2차 협의회 보도자료(배포),5,5,0,1,1,0,1,1,0,1,1,0,0,0,0,1,1,0,1,1,0,1,1,0,0.99146,0.99146,0.0
korea-kr-pairs2/156775776_(★안건) 제2회 재정운용전략협의회 안건(배포),19,19,0,1,1,0,0.955761,0.955761,0.0,0.992981,0.992981,0.0,0,0,0,0.99633,0.99633,0.0,0.97462,0.97462,0.0,0.99214,0.99214,0.0,0.98828,0.98828,0.0
korea-kr-pairs2/156775778_(260827)보도자료-산림청，_잔디，_버섯，_수실류_등_51개_산림신품종_민간_활용_확대,1,1,0,1,1,0,1,1,0,1,1,0,0,0,0,1,1,0,1,1,0,1,1,0,0.99545,0.99545,0.0
korea-kr-pairs2/156775780_(260827)보도자료-산림청__AI_기반_사이버보안과_개인정보보호_강화한다,1,1,0,1,1,0,1,1,0,1,1,0,0,0,0,1,1,0,1,1,0,1,1,0,0.97895,0.97895,0.0
korea-kr-pairs2/156775782_(260827)보도자료-탄소중립_이끌_국산목재，_`2026_대한민국_목재산업박람회`_27일_대전서_개막,1,1,0,1,1,0,1,1,0,1,1,0,0,0,0,1,1,0,1,1,0,1,1,0,0.97814,0.97814,0.0
"korea-kr-pairs2/156775783_(보도자료) 26.9월 국고채, 재정증권, 원화표시 외평채 발행 계획",6,6,0,1,1,0,1,1,0,1,1,0,0,0,0,0.99938,0.99938,0.0,0.99979,0.99979,0.0,1,1,0,0.9938,0.9938,0.0
korea-kr-pairs2/156775784_260827(즉시) 적조 위기경보 &#039;경계&#039;단계 발령(어촌양식정책과),1,1,0,1,1,0,1,1,0,1,1,0,0,0,0,1,1,0,1,1,0,1,1,0,0.99314,0.99314,0.0
korea-kr-pairs2/156775786_260827_제19차 부동산 불법행위 대응협의회 보도자료,1,1,0,1,1,0,1,1,0,1,1,0,0,0,0,1,1,0,0.99437,0.99437,0.0,1,1,0,0.98765,0.98765,0.0
korea-kr-pairs2/156775788_260827_한성숙 국무총리 주재 데이터관계장관회의 보도자료_최최종,4,4,0,1,1,0,1,1,0,1,1,0,0,0,0,1,1,0,0.9994,0.9994,0.0,1,1,0,0.9916,0.9916,0.0
korea-kr-pairs2/156775789_260827_공공누리집_UIUX_위원회_개최_보도자료_최종,3,3,0,1,1,0,1,1,0,1,1,0,0,0,0,0.99913,0.99913,0.0,0.99956,0.99956,0.0,1,1,0,0.99259,0.99259,0.0
korea-kr-pairs2/156775792_[26-689](보도자료) 한-네팔 외교장관 통화(8.27.) 결과,1,1,0,1,1,0,1,1,0,1,1,0,0,0,0,1,1,0,1,1,0,1,1,0,0.9881,0.9881,0.0
"korea-kr-pairs2/156775818_[26-690](보도자료) 외교부·유네스코 아태교육원, 청소년 세계시민 포토에세이 공모전 시상식 개최",1,1,0,1,1,0,1,1,0,1,1,0,0,0,0,1,1,0,0.99883,0.99883,0.0,1,1,0,0.99267,0.99267,0.0
korea-kr-pairs2/156775819_260827_보도자료_성평등가족부_&#039;제3기_2030자문단&#039;_공식출범_최종배포본,1,1,0,0.837838,0.837838,0.0,0.653061,0.653061,0.0,0.686147,0.686147,0.0,0,0,0,1,1,0,0.99949,0.99949,0.0,1,1,0,0.99271,0.99271,0.0
"korea-kr-pairs2/156775821_(참고자료)투자정책과, 국민성장펀드가 로봇산업의 경쟁력 강화와 K-콘텐츠의 글로벌 영토 확장을 지원합니다",9,9,0,1,1,0,0.994949,0.994949,0.0,0.994192,0.994192,0.0,0,0,0,1,1,0,0.99991,0.99991,0.0,1,1,0,0.98653,0.98653,0.0
korea-kr-pairs2/156775822_[0827]정부합동 보도자료-국민성장펀드 기금운용심의회 심의 결과,8,8,0,0.973856,0.973856,0.0,0.790698,0.790698,0.0,0.869608,0.869608,0.0,0,0,0,1,1,0,0.99918,0.99918,0.0,1,1,0,0.98773,0.98773,0.0
korea-kr-pairs2/156775828_(보도자료) “성인범 부정적 영향 차단”…소년 전담 보호관찰기관 신설 법적 근거 마련 (배포즉시보도),1,1,0,1,1,0,1,1,0,1,1,0,0,0,0,1,1,0,0.99091,0.99091,0.0,1,1,0,0.98952,0.98952,0.0
"korea-kr-pairs2/156775829_(보도자료) 케이(K)-국제투자분쟁(ISDS)의 저력, 세계무대에 통했다... 법무부, 싱가포르에서 세미나 성황리에 개최 (배포즉시보도)",2,2,0,1,1,0,1,1,0,1,1,0,0,0,0,1,1,0,0.99963,0.99963,0.0,1,1,0,0.99247,0.99247,0.0
korea-kr-pairs2/156775830_260828(석간) 위례선 트램 건설사업 갈등조정안 심의·의결(광역시설정책과),1,1,0,1,1,0,1,1,0,1,1,0,0,0,0,1,1,0,0.99932,0.99932,0.0,1,1,0,0.99208,0.99208,0.0
korea-kr-pairs2/156775833_[26.8.28.(금) 보도참고자료] 국내 의료기기 해외시장 진출을 위한 MDSAP 심사 대응 가이드라인 3종 발간,2,2,0,1,1,0,1,1,0,1,1,0,0,0,0,1,1,0,1,1,0,1,1,0,0.97666,0.97666,0.0
korea-kr-pairs2/156775834_[26-691](보도자료) 외교부 공관장 인사,2,2,0,1,1,0,1,1,0,1,1,0,0,0,0,1,1,0,0.99363,0.99363,0.0,1,1,0,0.95556,0.95556,0.0
"korea-kr-pairs2/156775835_(260828) 국민권익위 2030청년자문단, 위기 청년 문제를 함께 살핀다",1,1,0,1,1,0,1,1,0,1,1,0,0,0,0,1,1,0,0.99247,0.99247,0.0,1,1,0,0.97426,0.97426,0.0
korea-kr-pairs2/156775836_(260828) 공직자로서의 인식제고를 위한 행동강령 운영 이행 실태점검 실시,1,1,0,1,1,0,1,1,0,1,1,0,0,0,0,1,1,0,1,1,0,1,1,0,0.98583,0.98583,0.0
korea-kr-pairs2/156775837_(방역정책국-구제역방역과) 8월 27일 자로 구제역 방역이 평시 방역 체계로 전환됩니다(8.27 배포 시),1,1,0,1,1,0,1,1,0,1,1,0,0,0,0,1,1,0,0.9993,0.9993,0.0,1,1,0,0.99641,0.99641,0.0
"korea-kr-pairs2/156775838_[8.28.보도참고자료] 의료방사선 검사 건수 매년 증가, 피폭선량 높은 컴퓨터단층촬영은 &#039;적정 이용&#039;이 중요",8,8,0,0.962963,0.962963,0.0,0.958333,0.958333,0.0,0.988764,0.988764,0.0,0,0,0,1,1,0,0.99706,0.99706,0.0,1,1,0,0.99053,0.99053,0.0
korea-kr-pairs2/156775839_260828_제2026-13회 원자력안전위원회 개최_보도자료,1,1,0,1,1,0,1,1,0,1,1,0,0,0,0,1,1,0,0.99184,0.99184,0.0,1,1,0,0.98214,0.98214,0.0
korea-kr-pairs2/156775840_기후부 장관 시화·화옹지구 대규모 재생에너지 보급을 위한 현장 방문(보도자료)(태양광보급 8.28),2,2,0,1,1,0,1,1,0,1,1,0,0,0,0,1,1,0,0.99897,0.99897,0.0,1,1,0,0.99411,0.99411,0.0
korea-kr-pairs2/156775841_(별첨1) 부총리 모두말씀★,0,0,0,1,1,0,1,1,0,1,1,0,0,0,0,1,1,0,1,1,0,1,1,0,0.98274,0.98274,0.0
korea-kr-pairs2/156775841_(별첨4) 민생침해 범정부 합동대응반 추진계획★배포,0,0,0,1,1,0,1,1,0,1,1,0,0,0,0,1,1,0,0.99867,0.99867,0.0,1,1,0,0.98337,0.98337,0.0
korea-kr-pairs2/156775841_260828 비상경제본부 회의 겸 경제관계장관회의 겸 민생물가 특별관리 관계장관 TF 보도자료★,7,7,0,1,1,0,1,1,0,1,1,0,0,0,0,1,1,0,0.99971,0.99971,0.0,1,1,0,0.99813,0.99813,0.0
korea-kr-pairs2/156775845_[26.8.28.(금) 보도참고자료] 식약처 희귀중증치료제 GIFT 심사에 환자목소리 반영한다,2,2,0,1,1,0,1,1,0,1,1,0,0,0,0,1,1,0,0.99694,0.99694,0.0,1,1,0,0.98814,0.98814,0.0
korea-kr-pairs2/156775847_260828 (금융위 보도자료 8.27일) 국민성장펀드가 로봇산업의 경쟁력 강화와 K-콘텐츠의 글로벌 영토 확장을 지원합니다,9,9,0,1,1,0,1,1,0,1,1,0,0,0,0,1,1,0,0.9999,0.9999,0.0,1,1,0,0.987,0.987,0.0
korea-kr-pairs2/156775854_[0828]문체부보도자료-암표 근절 위한 법 시행령 개정안 시행,0,0,0,0.75,0.75,0.0,0.633333,0.633333,0.0,0.606918,0.606918,0.0,0,0,0,1,1,0,1,1,0,1,1,0,1,1,0
korea-kr-pairs2/156775855_260828(보도자료) 주택공급 촉진을 위한 건설·금융업계 간담회 개최(관계부처 합동),1,1,0,1,1,0,1,1,0,1,1,0,0,0,0,1,1,0,1,1,0,1,1,0,0.99069,0.99069,0.0
korea-kr-pairs2/156775857_(260828)보도자료-2028_울산국제정원박람회_지원_특별법_본격_시행,1,1,0,1,1,0,1,1,0,1,1,0,0,0,0,1,1,0,1,1,0,1,1,0,0.94359,0.94359,0.0
korea-kr-pairs2/156775859_260828 (석간) 새마을금고 2026년 상반기 영업실적(지역금융지원과),6,6,0,1,1,0,1,1,0,1,1,0,0,0,0,0.99848,0.99848,0.0,0.99636,0.99636,0.0,1,1,0,0.97485,0.97485,0.0
"korea-kr-pairs2/156775866_[8월 28일 배포] 법제처, 공공기관 법제 지원 강화를 위한 수도권ㆍ강원권 현장설명회 개최",1,1,0,1,1,0,1,1,0,1,1,0,0,0,0,1,1,0,1,1,0,1,1,0,0.99042,0.99042,0.0
korea-kr-pairs2/156775867_[보도참고자료] 보건복지부 「아내가 우울증에 걸렸어요」 2026 에피어워드 실버 수상,1,1,0,1,1,0,1,1,0,1,1,0,0,0,0,1,1,0,0.99803,0.99803,0.0,1,1,0,0.9822,0.9822,0.0
"korea-kr-pairs2/156775868_[보도참고자료] 비정상·가짜진료 행정조사반, 페이백 등 의심 의료기관 15곳 추가 수사의뢰",1,1,0,1,1,0,1,1,0,1,1,0,0,0,0,1,1,0,1,1,0,1,1,0,0.98561,0.98561,0.0
korea-kr-pairs2/156775869_271 [지식재산처] 잠자는 특허기술 깨울 ‘지식재산 거래 장터’ 열린다,2,2,0,1,1,0,1,1,0,1,1,0,0,0,0,1,1,0,0.99949,0.99949,0.0,1,1,0,0.99664,0.99664,0.0
korea-kr-pairs2/156775872_260828_보도자료_노사발전재단-안전보건공단 업무협약 체결(노사발전재단),1,1,0,1,1,0,1,1,0,1,1,0,0,0,0,1,1,0,1,1,0,1,1,0,0.98802,0.98802,0.0
"korea-kr-pairs2/156775877_★[260828 12시보도] 인공지능 시대 개인정보 보호와 활용, 최고의 미래 법률 전문가는(침해평가과)",3,3,0,1,1,0,1,1,0,1,1,0,0,0,0,1,1,0,1,1,0,1,1,0,0.99648,0.99648,0.0
korea-kr-pairs2/156775878_2025년 건설업조사 결과(잠정) (공사실적 부문) 보도자료,27,27,0,0.94672,0.94672,0.0,0.971191,0.971191,0.0,0.965354,0.965354,0.0,0,0,0,0.99959,0.99959,0.0,0.92093,0.92093,0.0,1,1,0,0.9223,0.9223,0.0
korea-kr-pairs2/156775879_260828 포스코 아르헨티나 핵심광물 공급망 사업 대출 지원_보도자료,1,1,0,1,1,0,1,1,0,1,1,0,0,0,0,1,1,0,1,1,0,1,1,0,1,1,0
korea-kr-pairs2/156775882_260828_보도자료_제1차 청년세대 성별균형 공개형 공론장_최종배포본,2,2,0,1,1,0,1,1,0,1,1,0,0,0,0,1,1,0,0.99614,0.99614,0.0,1,1,0,1,1,0
korea-kr-pairs2/156775884_272 [지식재산처] 아이디어·지식재산을 기반으로 진짜 성장을 도모한다!,2,2,0,1,1,0,1,1,0,1,1,0,0,0,0,1,1,0,0.99145,0.99145,0.0,1,1,0,0.99422,0.99422,0.0
korea-kr-pairs2/156775886_260828 (즉시) 행정안전부 장관 충남 천안시 공장 화재 관련 긴급 지시(국토산업재난대응과),1,1,0,1,1,0,1,1,0,1,1,0,0,0,0,1,1,0,0.9971,0.9971,0.0,1,1,0,1,1,0
korea-kr-pairs2/156775887_260828_한성숙 국무총리 충남 천안시 공장화재 관련 긴급지시,1,1,0,1,1,0,1,1,0,1,1,0,0,0,0,1,1,0,1,1,0,1,1,0,1,1,0
"korea-kr-pairs2/156775889_260828_중기부,_2026년_상반기_적극행정_우수사례_선정",2,2,0,1,1,0,1,1,0,1,1,0,0,0,0,1,1,0,1,1,0,1,1,0,0.99428,0.99428,0.0
korea-kr-pairs2/156775890_260828_‘모두의_창업_사회혁신_소셜벤처_리그’_1차_서류평가_통과자_100명_선발,6,6,0,1,1,0,1,1,0,1,1,0,0,0,0,1,1,0,1,1,0,1,1,0,0.99585,0.99585,0.0
korea-kr-pairs2/156775891_260828_보도자료_2026년도 장애대학생 스텝업탐방캠프 성과공유회(한국장애인고용공단),1,1,0,1,1,0,1,1,0,1,1,0,0,0,0,1,1,0,1,1,0,1,1,0,0.98901,0.98901,0.0
"korea-kr-pairs2/156775893_[26-692](보도자료) “콘텐츠에 진심인 새싹들”, 외교부와 청년을 잇다…모파랑 서포터스 29기 새 출발",1,1,0,1,1,0,1,1,0,1,1,0,0,0,0,1,1,0,0.99894,0.99894,0.0,1,1,0,0.98837,0.98837,0.0
korea-kr-pairs2/156775894_260828(참고) 공정거래위원회-한국계량경제학회 공동 학술대회 개최,1,1,0,1,1,0,1,1,0,1,1,0,0,0,0,1,1,0,0.99346,0.99346,0.0,1,1,0,0.9882,0.9882,0.0
korea-kr-pairs2/156775895_260828_(동정)_남재헌_해수부_차관__고수온_피해신고_경북지역_현장점검,1,1,0,1,1,0,1,1,0,1,1,0,0,0,0,1,1,0,1,1,0,1,1,0,0.98909,0.98909,0.0
korea-kr-pairs2/156775897_(260828)보도자료-산림청，_거제_통영_산사태_피해지역_수습복구_총력지원_마무리,1,1,0,1,1,0,1,1,0,1,1,0,0,0,0,1,1,0,1,1,0,1,1,0,0.97412,0.97412,0.0
"korea-kr-pairs2/156775899_260827 관세청, 중국해관 초청 K-푸드 수출 지원 설명회 개최",2,2,0,1,1,0,1,1,0,1,1,0,0,0,0,1,1,0,0.99713,0.99713,0.0,1,1,0,0.99135,0.99135,0.0
"korea-kr-pairs2/156775900_260827 국제우편 2차 마약 저지선 10건 적발 , 밀수사범 100% 검거",1,1,0,1,1,0,1,1,0,1,1,0,0,0,0,1,1,0,0.99972,0.99972,0.0,1,1,0,0.9958,0.9958,0.0
korea-kr-pairs2/156775901_260827 관세청 개청 56주년 기념사,0,0,0,1,1,0,1,1,0,1,1,0,0,0,0,1,1,0,1,1,0,1,1,0,0.99752,0.99752,0.0
"korea-kr-pairs2/156775901_260827 관세청, 「개청 제56주년 기념식」 개최",1,1,0,1,1,0,1,1,0,1,1,0,0,0,0,1,1,0,0.99278,0.99278,0.0,1,1,0,0.9883,0.9883,0.0
"korea-kr-pairs2/156775902_260828 2026년, 16개 광역 지자체 모두 수출 증가",40,40,0,1,1,0,1,1,0,1,1,0,0,0,0,0.99931,0.99931,0.0,0.99842,0.99842,0.0,0.95429,0.95429,0.0,0.98607,0.98607,0.0
korea-kr-pairs2/156775904_(260828)보도자료-산림청，_제9회_숲학교_국제심포지엄_개최,1,1,0,1,1,0,1,1,0,1,1,0,0,0,0,1,1,0,1,1,0,1,1,0,0.98645,0.98645,0.0
korea-kr-pairs2/156775905_[26-693](보도자료) 2026년 아시아태평양경제협력체(APEC) 제3차 고위관리회의(SOM3) 참석,1,1,0,1,1,0,1,1,0,1,1,0,0,0,0,1,1,0,0.99846,0.99846,0.0,1,1,0,1,1,0
korea-kr-pairs2/156775906_260828 행복청 26-66호 보도자료(제34차 광역교통협의회 개최),3,3,0,1,1,0,1,1,0,1,1,0,0,0,0,1,1,0,0.9996,0.9996,0.0,1,1,0,0.99034,0.99034,0.0
korea-kr-pairs2/156775908_260829 (15시) 행안부 미래대응기금 설명과 지방 의견 청취(교부세과),0,0,0,0.222222,0.222222,0.0,0.266667,0.266667,0.0,0.158621,0.158621,0.0,0,0,0,0.89615,0.89615,0.0,0.88818,0.88818,0.0,1,1,0,0.87736,0.87736,0.0
korea-kr-pairs2/156775909_260828_보도자료_2026 인천광역시 제61회 전국기능경기대회 폐회식(한국산업인력공단),4,4,0,1,1,0,1,1,0,1,1,0,0,0,0,1,1,0,1,1,0,1,1,0,0.97739,0.97739,0.0
korea-kr-pairs2/156775910_260828 (동정) 황종우 해수부 장관 민관 협력을 통한 바다숲 조성 업무협약 체결,1,1,0,1,1,0,1,1,0,1,1,0,0,0,0,1,1,0,1,1,0,1,1,0,1,1,0
korea-kr-pairs2/156775911_260828(설명) 정부는 비업무용 토지에 대한 과세 정상화에 적극 나서고 있습니다.(국가공간정보센터),1,1,0,1,1,0,1,1,0,1,1,0,0,0,0,1,1,0,0.9909,0.9909,0.0,1,1,0,0.99528,0.99528,0.0
"korea-kr-pairs2/156775912_[8월 28일 배포] 법제처, 미래 신기술과 인공지능(AI) 활용 관련 토론의 장 열어",1,1,0,1,1,0,1,1,0,1,1,0,0,0,0,1,1,0,1,1,0,1,1,0,0.97569,0.97569,0.0
"korea-kr-pairs2/156775914_260828 관세청, ‘원산지 국민감시단’ 위촉 국민 참여형 감시체계 강화",1,1,0,1,1,0,1,1,0,1,1,0,0,0,0,1,1,0,0.99347,0.99347,0.0,1,1,0,0.99259,0.99259,0.0
korea-kr-pairs2/156775915_한성숙 국무총리 주재 경제 협･단체 규제합리화 간담회 보도자료(최종),2,2,0,1,1,0,1,1,0,1,1,0,0,0,0,0.99967,0.99967,0.0,0.99978,0.99978,0.0,1,1,0,0.99241,0.99241,0.0
korea-kr-pairs2/156775916_(260828) 응급차도 못 들어오는 좁은 마을진입로 철도부지 활용해 확장(최종),1,1,0,1,1,0,1,1,0,1,1,0,0,0,0,1,1,0,1,1,0,1,1,0,0.98694,0.98694,0.0
korea-kr-pairs2/156775917_260828_333차 후쿠시마 오염수 방류 대응 브리핑 보도참고자료★,0,0,0,1,1,0,1,1,0,1,1,0,0,0,0,1,1,0,0.99741,0.99741,0.0,1,1,0,0.99739,0.99739,0.0
korea-kr-pairs2/156775919_(260828)보도자료-안전하고_견고한_임도_설치관리를_위한_전문가_토론회_개최,1,1,0,1,1,0,1,1,0,1,1,0,0,0,0,1,1,0,1,1,0,1,1,0,0.98233,0.98233,0.0
korea-kr-pairs2/156775920_용인 반도체 산단 지역사회 합리적 소통을 기반으로 추진… 장관 현장점검·간담회 개최(기후부 보도참고자료),2,2,0,1,1,0,1,1,0,1,1,0,0,0,0,1,1,0,0.99899,0.99899,0.0,1,1,0,0.99399,0.99399,0.0
korea-kr-pairs2/156775922_260829 (16시) 윤호중 행정안전부 장관 2026여수세계섬박람회 최종 현장 점검(균형발전진흥과),2,2,0,1,1,0,1,1,0,1,1,0,0,0,0,1,1,0,1,1,0,1,1,0,0.99639,0.99639,0.0
korea-kr-pairs2/156775923_260828(1300) 경찰법센터-한국경찰법학회 업무협약(경찰대학),1,1,0,1,1,0,1,1,0,1,1,0,0,0,0,1,1,0,1,1,0,1,1,0,0.98932,0.98932,0.0
korea-kr-pairs2/156775924_260828_333차 후쿠시마 오염수 방류 대응 브리핑_보도참고자료,0,0,0,1,1,0,1,1,0,1,1,0,0,0,0,1,1,0,0.99741,0.99741,0.0,1,1,0,0.99739,0.99739,0.0
"korea-kr-pairs2/156775925_260828_“장애인증명서 해외 제출, 온라인으로 간편하게!”",3,3,0,1,1,0,1,1,0,1,1,0,0,0,0,1,1,0,0.99951,0.99951,0.0,1,1,0,0.99658,0.99658,0.0
korea-kr-pairs2/156775926_(★보도자료) 청년 성장단계별 종합투자 추진전략 발표 보도자료(배포),0,0,0,0.375635,0.375635,0.0,0.221374,0.221374,0.0,0.083039,0.083039,0.0,0,0,0,0.99932,0.99932,0.0,1,1,0,0.94643,0.94643,0.0,0.96581,0.96581,0.0
korea-kr-pairs2/156775927_260828(보도자료)_청년_성장단계별_종합투자_추진전략_발표,1,1,0,1,1,0,1,1,0,1,1,0,0,0,0,1,1,0,1,1,0,1,1,0,0.9958,0.9958,0.0
korea-kr-pairs2/156775929_(260828)보도자료-범부처_협업_사면재해_대응체계_강화,1,1,0,1,1,0,1,1,0,1,1,0,0,0,0,0.9945,0.9945,0.0,0.9989,0.9989,0.0,1,1,0,0.95763,0.95763,0.0
korea-kr-pairs2/156775931_260828 (16시30분) 8.29~31일 호우 대비 관계기관 대책회의 개최(자연재난대응과),1,1,0,1,1,0,1,1,0,1,1,0,0,0,0,1,1,0,0.99931,0.99931,0.0,1,1,0,0.99202,0.99202,0.0
korea-kr-pairs2/156775932_260828 (보도자료) 청년일자리 회복방안,2,2,0,1,1,0,0.994475,0.994475,0.0,0.998119,0.998119,0.0,0,0,0,0.99781,0.99781,0.0,0.9998,0.9998,0.0,1,1,0,0.98421,0.98421,0.0
korea-kr-pairs2/156775932_260828 청년일자리 회복방안,14,14,0,1,1,0,0.921171,0.921171,0.0,0.728281,0.728281,0.0,0,0,0,0.99373,0.99373,0.0,0.98566,0.98566,0.0,0.99805,0.99805,0.0,0.96749,0.96749,0.0
korea-kr-pairs2/156775933_260828(보도참고)청년의 잠재력에 국가가 투자합니다! 청년 예산 언박싱(UNBOXING) 2027 &#039;청년 성장단계별 종합투자 추진전략&#039; 발표,1,1,0,1,1,0,1,1,0,1,1,0,0,0,0,1,1,0,1,1,0,0.92982,0.92982,0.0,0.9958,0.9958,0.0
korea-kr-pairs2/156775935_[0828]정부합동 보도자료-청년 성장단계별 종합투자 추진전략 발표,1,1,0,1,1,0,1,1,0,1,1,0,0,0,0,1,1,0,1,1,0,1,1,0,0.98808,0.98808,0.0
korea-kr-pairs2/156775937_(260828)보도자료-청춘의_발걸음__국가숲길의_새로운_이야기를_만들다,1,1,0,1,1,0,1,1,0,1,1,0,0,0,0,1,1,0,1,1,0,1,1,0,0.98956,0.98956,0.0
"korea-kr-pairs2/156775938_[보도참고자료] 아이 양육이 어렵지 않도록, 고립은둔 청년에 나아갈 힘이 되도록, 2027년 핵심 청년 예산 발표",4,4,0,1,1,0,1,1,0,1,1,0,0,0,0,1,1,0,0.99974,0.99974,0.0,1,1,0,0.98652,0.98652,0.0
korea-kr-pairs2/156775941_260828_보도참고_충남 천안시 공장 화재사고,1,1,0,1,1,0,1,1,0,1,1,0,0,0,0,1,1,0,0.99418,0.99418,0.0,1,1,0,1,1,0
korea-kr-pairs2/156775942_260828_보도자료_청년일자리 회복방안(수정),2,2,0,1,1,0,0.994475,0.994475,0.0,0.998119,0.998119,0.0,0,0,0,0.99781,0.99781,0.0,0.9998,0.9998,0.0,1,1,0,0.98375,0.98375,0.0
korea-kr-pairs2/156775943_(최종) 260828_보도자료_청년 성장단계별 종합투자 추진전략 발표,1,1,0,1,1,0,1,1,0,1,1,0,0,0,0,1,1,0,1,1,0,1,1,0,0.9958,0.9958,0.0
korea-kr-pairs2/156775944_260828 국민과 함께 뽑은 ’26년 관세청 적극행정 우수사례,2,2,0,1,1,0,1,1,0,1,1,0,0,0,0,1,1,0,1,1,0,1,1,0,0.98788,0.98788,0.0
korea-kr-pairs2/156775945_260828 2026년 제5회 보세판매장 특허심사위원회 결과 발표,4,4,0,1,1,0,1,1,0,1,1,0,0,0,0,1,1,0,1,1,0,1,1,0,1,1,0
korea-kr-pairs2/156775946_(식량정책관-식량산업과 유통소비정책관-유통정책과) 농식품부 차관 공동영농 및 스마트 APC 현장 점검(8.28. 17시 30분),1,1,0,1,1,0,1,1,0,1,1,0,0,0,0,1,1,0,0.99395,0.99395,0.0,1,1,0,0.98474,0.98474,0.0
korea-kr-pairs2/156775947_260828(동정)_김이탁_1차관__“남양주_도심·왕숙_주택공급_속도_높여_국민_체감_앞당길_것”_강조(공공택지기획과),1,1,0,1,1,0,1,1,0,1,1,0,0,0,0,1,1,0,0.99164,0.99164,0.0,1,1,0,0.99609,0.99609,0.0
korea-kr-pairs2/156775950_260828_333차 후쿠시마 오염수 방류 대응 브리핑 보도참고자료,0,0,0,1,1,0,1,1,0,1,1,0,0,0,0,1,1,0,0.99741,0.99741,0.0,1,1,0,0.99739,0.99739,0.0
korea-kr-pairs2/156775951_제31차 위원회 결과 브리핑(260828),1,1,0,1,1,0,1,1,0,1,1,0,0,0,0,1,1,0,0.98817,0.98817,0.0,1,1,0,0.94382,0.94382,0.0
"korea-kr-pairs2/156775953_260828 (보도자료) 의결(가). 와이티엔·연합뉴스티브이, 사장추천위원회 관련 「방송법」 위반으로 승인 유효기간 단축 3개월",1,1,0,1,1,0,1,1,0,1,1,0,0,0,0,1,1,0,0.99093,0.99093,0.0,1,1,0,0.99539,0.99539,0.0
"korea-kr-pairs2/156775956_&#039;20년,10배,193조 원...그리고 국민의 60초&#039; 뮤지컬부터 수어 영상까지...133가지 ‘현장 공감 현금영수증 숏폼’",3,3,0,1,1,0,1,1,0,1,1,0,0,0,0,0.99904,0.99904,0.0,1,1,0,1,1,0,0.99302,0.99302,0.0
korea-kr-pairs2/156775959_[26-695](보도자료) 미국의 대이란 경제제재 발표에 따른 유관기관 회의 개최(8.28.),1,1,0,1,1,0,1,1,0,1,1,0,0,0,0,1,1,0,0.99733,0.99733,0.0,1,1,0,1,1,0
korea-kr-pairs2/156775960_[26-696] (보도자료) 네팔 추가 홍수 피해 우려 관련 특별여행주의보 발령,1,1,0,1,1,0,1,1,0,1,1,0,0,0,0,1,1,0,0.98287,0.98287,0.0,1,1,0,0.97491,0.97491,0.0
"korea-kr-pairs2/156775961_(보도자료) 수형자, 기술로 새로운 미래에 도전하다 (배포즉시보도)",2,2,0,1,1,0,1,1,0,1,1,0,0,0,0,1,1,0,0.99891,0.99891,0.0,1,1,0,1,1,0
korea-kr-pairs2/156775962_(보도자료) “본국 가족 송금·우편 부담 덜어준다”…법무부·우정사업본부， 국내 거주 동포·가족 대상 정주 지원 업무협약 체결 (배포즉시보도),1,1,0,1,1,0,1,1,0,1,1,0,0,0,0,1,1,0,0.99138,0.99138,0.0,1,1,0,0.9845,0.9845,0.0
"korea-kr-pairs2/156775963_(보도자료) 중앙·지방 외국인정책 담당자 한자리에, 현장 중심 정책역량 높인다 (배포즉시보도)",1,1,0,1,1,0,1,1,0,1,1,0,0,0,0,1,1,0,0.99789,0.99789,0.0,1,1,0,0.96017,0.96017,0.0
korea-kr-pairs2/156775964_(보도자료) ‘6회 연속 전원 합격’ 결실... 2회 연속 만점자 배출하며 교정 교육의 성공 방정식 입증한 만델라 소년학교 (배포즉시보도),1,1,0,1,1,0,1,1,0,1,1,0,0,0,0,1,1,0,1,1,0,1,1,0,1,1,0
"korea-kr-pairs2/156775965_(보도자료) ｢수사준칙｣ 개정안, ｢특사경 협력규정｣ 제정안 입법예고 (배포즉시보도)",3,3,0,1,1,0,1,1,0,1,1,0,0,0,0,1,1,0,0.99829,0.99829,0.0,0.99415,0.99415,0.0,0.99515,0.99515,0.0
"korea-kr-pairs2/156775966_(보도자료) 법무부, 「교정시설 조성 부지 선정 공모」 추진 (배포즉시보도)",2,2,0,1,1,0,1,1,0,1,1,0,0,0,0,1,1,0,0.99675,0.99675,0.0,1,1,0,0.97411,0.97411,0.0
"korea-kr-pairs2/156775967_(보도자료) “다시 공부하니, 나에게도 꿈이 생겼어요” 검정고시, ‘시험’이 아닌 ‘삶을 바꾸는 기회’ (배포즉시보도)",2,2,0,1,1,0,1,1,0,1,1,0,0,0,0,1,1,0,0.99945,0.99945,0.0,1,1,0,0.99411,0.99411,0.0
korea-kr-pairs2/156775970_260829 (참고) 의왕역 작업자 사망사고를 철저히 조사 엄중 조치하고 근본적 대책을 마련하겠습니다.(철도안전정책과),1,1,0,1,1,0,1,1,0,1,1,0,0,0,0,1,1,0,1,1,0,1,1,0,0.99016,0.99016,0.0
korea-kr-pairs2/156775978_260829_서울 민간재개발 사업 현장점검 보도자료(최종),1,1,0,1,1,0,1,1,0,1,1,0,0,0,0,1,1,0,0.99319,0.99319,0.0,1,1,0,0.98191,0.98191,0.0
korea-kr-pairs2/156775979_260829_기후시민회의 토론회 보도자료(최종),1,1,0,1,1,0,1,1,0,1,1,0,0,0,0,1,1,0,0.99428,0.99428,0.0,1,1,0,0.98964,0.98964,0.0
korea-kr-pairs2/156775981_260829_(동정)_홍지선_제2차관__“철저한_사고원인_조사를_통해_근본적_재발방지_대책을_마련할_것“(철도안전정책과),1,1,0,1,1,0,1,1,0,1,1,0,0,0,0,1,1,0,1,1,0,1,1,0,0.99029,0.99029,0.0
korea-kr-pairs2/156775982_[0830]문체부보도자료-프랑스 랑도네협회 방한 연계 케이-도보 여행 활성화 추진,2,2,0,1,1,0,1,1,0,1,1,0,0,0,0,1,1,0,0.99884,0.99884,0.0,1,1,0,0.99389,0.99389,0.0
korea-kr-pairs2/156775983_(농산업혁신정책관-스마트농업정책과) 인공지능(AI)으로 신선식품 수급 최적화 데이터 기반 유통구조 개선으로 부가가치 창출 (8.30. 11시 온라인),6,6,0,1,1,0,1,1,0,1,1,0,0,0,0,1,1,0,0.9879,0.9879,0.0,1,1,0,0.99125,0.99125,0.0
"korea-kr-pairs2/156775984_260831(조간) 해수부, 폭풍해일에 강한 항만 만들기 위한 설계실무자 역량강화 전문교육 실시한다(항만기술안전과)",1,1,0,1,1,0,1,1,0,1,1,0,0,0,0,1,1,0,1,1,0,1,1,0,1,1,0
korea-kr-pairs2/156775985_260831(조간) 추석명절 전 항만·연안정비 건설현장 하도급 대금 및 임금 지급실태 점검한다(항만개발과),1,1,0,1,1,0,1,1,0,1,1,0,0,0,0,1,1,0,1,1,0,1,1,0,0.98947,0.98947,0.0
"korea-kr-pairs2/156775986_260831(조간) 한-베트남 해양플랜트 서비스산업 협력거점, 하노이에 구축한다(해양개발과)",1,1,0,1,1,0,1,1,0,1,1,0,0,0,0,1,1,0,1,1,0,1,1,0,0.99381,0.99381,0.0
korea-kr-pairs2/156775987_260831(조간)_환승센터_구축으로_전국을_더_편리하고_가깝게(광역환승과),6,6,0,0.856698,0.856698,0.0,0.872549,0.872549,0.0,0.875434,0.875434,0.0,0,0,0,0.99473,0.99473,0.0,0.99954,0.99954,0.0,0.95489,0.95489,0.0,0.99243,0.99243,0.0
korea-kr-pairs2/156775988_260831(조간)_‘주택_신속공급_방안’_후속조치_본격화_9월_1일부터_정비사업_정책설명회(주택정비정책과),3,3,0,1,1,0,0.914894,0.914894,0.0,0.989637,0.989637,0.0,0,0,0,0.99631,0.99631,0.0,0.99264,0.99264,0.0,1,1,0,0.97552,0.97552,0.0
korea-kr-pairs2/156775989_260831(조간) (주)경동나비엔의 기술자료 관련 하도급법 위반행위 제재,3,3,0,1,1,0,1,1,0,1,1,0,0,0,0,1,1,0,0.99918,0.99918,0.0,1,1,0,0.99849,0.99849,0.0
"korea-kr-pairs2/156775991_[8.31.월 조간] 장애인증명서 국외 제출용 인증서, 온라인으로 빠르게 발급받는다",3,3,0,1,1,0,1,1,0,1,1,0,0,0,0,1,1,0,0.99952,0.99952,0.0,1,1,0,0.98985,0.98985,0.0
korea-kr-pairs2/156775992_[8.31.월 조간] 의료비 부담 완화 위해 226만 명에게본인부담상한액 초과금 3조 760억 원 환급,8,8,0,1,1,0,1,1,0,1,1,0,0,0,0,1,1,0,0.99827,0.99827,0.0,1,1,0,0.97466,0.97466,0.0
korea-kr-pairs2/156775993_기업의 자연자본공시 준비부터 작성까지 자세히 돕는다(보도자료)(자연생태 8.30),3,3,0,1,1,0,1,1,0,1,1,0,0,0,0,1,1,0,1,1,0,1,1,0,0.99293,0.99293,0.0
korea-kr-pairs2/156775994_민관이 함께 야적퇴비 정비 낙동강 녹조 예방에 힘 모은다(보도자료)(물환경 8.30),3,3,0,1,1,0,1,1,0,1,1,0,0,0,0,1,1,0,0.99929,0.99929,0.0,1,1,0,0.99261,0.99261,0.0
korea-kr-pairs2/156775996_20260830_기상청 국립기상과학원 인사발령(4급 상당 전보),2,2,0,1,1,0,1,1,0,1,1,0,0,0,0,1,1,0,1,1,0,1,1,0,1,1,0
korea-kr-pairs2/156775997_260830_보도자료_26.9월 제조업 고위험 기계기구 취급사업장 집중 점검 운영,0,3,3,0.429968,0.67309,0.243122,0.552511,0.762557,0.210046,0.105128,0.656317,0.551189,0,0,0,1,1,0,0.99936,0.99936,0.0,0.99259,0.99259,0.0,0.99305,0.99305,0.0
korea-kr-pairs2/156775998_260830_보도자료_제2기 전담운용기관 선정 및 사업 개시(근로복지공단),0,0,0,0.444444,0.444444,0.0,0.333333,0.333333,0.0,0.196078,0.196078,0.0,0,0,0,1,1,0,1,1,0,1,1,0,1,1,0
"korea-kr-pairs2/156776000_260827 글로벌최저한세, 한국 국세청의 선진 세정경험 수출",4,4,0,1,1,0,1,1,0,1,1,0,0,0,0,0.99938,0.99938,0.0,0.99783,0.99783,0.0,1,1,0,0.98652,0.98652,0.0
korea-kr-pairs2/156776001_보도자료_260827_사전보도자료_구윤철_부총리 _8월_G20_재무장관회의_참석_위해_미국으로_출국_v4,0,0,0,0.444444,0.444444,0.0,0.333333,0.333333,0.0,0.210526,0.210526,0.0,0,0,0,1,1,0,1,1,0,1,1,0,0.95906,0.95906,0.0
korea-kr-pairs2/156776002_260830_보도참고_구윤철_부총리_겸_재정경제부_장관은_G20_재무장관회의_참석을_위해_예정대로_정상_출국_하였습니다,0,0,0,0.444444,0.444444,0.0,0.333333,0.333333,0.0,0.210526,0.210526,0.0,0,0,0,1,1,0,1,1,0,1,1,0,0.944,0.944,0.0
"korea-kr-pairs2/156776003_260829_천명수호처 강원랜드, &#039;생명존중 희망이음 콘서트&#039; 개최 보도자료",1,1,0,1,1,0,1,1,0,1,1,0,0,0,0,1,1,0,1,1,0,1,1,0,1,1,0
korea-kr-pairs2/156776036_260830 (즉시보도) 전남광주·울산·전북·경북지역 호우특보 중앙재난안전대책본부 1단계 가동(자연재난대응과) (수정),1,1,0,1,1,0,1,1,0,1,1,0,0,0,0,1,1,0,1,1,0,1,1,0,1,1,0
korea-kr-pairs2/156776038_260830 (즉시) 8.29~31일 호우 대처 중대본 회의 개최(자연재난대응과),1,1,0,1,1,0,1,1,0,1,1,0,0,0,0,1,1,0,1,1,0,1,1,0,0.99387,0.99387,0.0
"korea-kr-pairs2/156776039_260831(석간) 국민이 느낀 해양수산현장 불편 규제, 국민 아이디어로 바꾼다(규제개혁법무담당관)",2,2,0,1,1,0,1,1,0,1,1,0,0,0,0,1,1,0,0.99952,0.99952,0.0,1,1,0,0.97148,0.97148,0.0
korea-kr-pairs2/156776040_260831(석간)_26년_7월_주택통계(주택정책과),29,29,0,1,1,0,0.927895,0.927895,0.0,0.920038,0.920038,0.0,0,0,0,0.99276,0.99276,0.0,0.99936,0.99936,0.0,1,1,0,0.99389,0.99389,0.0
korea-kr-pairs2/156776041_23개국 공무원 한자리에 모여 온실가스 보고 역량 키운다(보도자료)(온실가스종합 8.31),3,3,0,1,1,0,1,1,0,1,1,0,0,0,0,1,1,0,0.99649,0.99649,0.0,0.99371,0.99371,0.0,0.99472,0.99472,0.0
korea-kr-pairs2/156776043_260828_보도자료_청소년작품공모전 수상작 순회 전시회 개최_최종배포본,1,1,0,1,1,0,1,1,0,1,1,0,0,0,0,1,1,0,0.99327,0.99327,0.0,1,1,0,0.98714,0.98714,0.0
korea-kr-pairs2/156776045_260830_보도자료_제1차_청년세대_성별균형_공개형_공론장_결과_최종배포본,2,2,0,1,1,0,1,1,0,1,1,0,0,0,0,1,1,0,0.99448,0.99448,0.0,1,1,0,0.99417,0.99417,0.0
korea-kr-pairs2/156776048_[0831]문체부보도자료-제19회 올해의 양성평등문화상 수상자 선정,4,4,0,1,1,0,1,1,0,1,1,0,0,0,0,1,1,0,1,1,0,1,1,0,0.98716,0.98716,0.0
korea-kr-pairs2/156776049_[0831]문체부보도자료-2026 관광 일자리페스타 개최,1,1,0,1,1,0,1,1,0,1,1,0,0,0,0,1,1,0,0.99944,0.99944,0.0,1,1,0,0.99073,0.99073,0.0
korea-kr-pairs2/156776050_[0831]문체부보도자료-2026년 1-7월 방한 관광 동향,9,9,0,1,1,0,1,1,0,1,1,0,0,0,0,1,1,0,0.99978,0.99978,0.0,1,1,0,0.99506,0.99506,0.0
"korea-kr-pairs2/156776051_[26.8.31.(월) 보도자료] 식약처, 추석 명절 대비 성수식품 합동 점검 실시",1,1,0,1,1,0,1,1,0,1,1,0,0,0,0,1,1,0,0.99537,0.99537,0.0,1,1,0,0.99398,0.99398,0.0
"korea-kr-pairs2/156776052_[26.8.31.(월) 보도참고자료] 식약처, 9월 7일 ‘화장품의 날’ 기념 다양한 이벤트 실시",2,2,0,1,1,0,1,1,0,1,1,0,0,0,0,1,1,0,0.99895,0.99895,0.0,1,1,0,0.98676,0.98676,0.0
"korea-kr-pairs2/156776053_[26.8.31.(월) 보도참고자료] 식약처, 비침습 자동혈압계 임상정확도 평가 가이드라인 제정",1,1,0,1,1,0,1,1,0,1,1,0,0,0,0,1,1,0,0.99229,0.99229,0.0,1,1,0,0.98431,0.98431,0.0
"korea-kr-pairs2/156776054_[26.8.31.(월) 보도참고자료] 식약처, 안과용 의약품 개발·허가 &apos;품질 길잡이&apos; 마련",2,2,0,1,1,0,1,1,0,1,1,0,0,0,0,1,1,0,0.99173,0.99173,0.0,1,1,0,0.99624,0.99624,0.0
"korea-kr-pairs2/156776055_[26.8.31.(월) 보도참고자료] 식약처, 희소의료기기 등 시판 후 조사 면제 기준 마련",1,1,0,0.648148,0.648148,0.0,0.555556,0.555556,0.0,0.757895,0.757895,0.0,0,0,0,1,1,0,0.99885,0.99885,0.0,1,1,0,1,1,0
korea-kr-pairs2/156776056_260830_한성숙 국무총리 집중호우 관련 긴급 지시,1,1,0,1,1,0,1,1,0,1,1,0,0,0,0,1,1,0,1,1,0,1,1,0,1,1,0
korea-kr-pairs2/156776057_(260831) 공익 위한 해안산책로에 변상금 6천여만 원 국유지 대부 매수로 조정(최종),1,1,0,1,1,0,1,1,0,1,1,0,0,0,0,1,1,0,1,1,0,1,1,0,0.99045,0.99045,0.0
"korea-kr-pairs2/156776059_0828(31조간)통상협력총괄과, 산업 ODA 관리기관 KOTRA로 이관",2,2,0,1,1,0,1,1,0,1,1,0,0,0,0,1,1,0,0.99937,0.99937,0.0,1,1,0,0.99286,0.99286,0.0
"korea-kr-pairs2/156776060_0828(31석간)산업일자리혁신과, 권역별 성장엔진 육성을 위한 첨단산업 특성화 대학원 선정",3,3,0,1,1,0,1,1,0,1,1,0,0,0,0,1,1,0,0.99779,0.99779,0.0,1,1,0,0.98351,0.98351,0.0
"korea-kr-pairs2/156776061_0828(31석간)통상협정서비스투자과, 제16차 한-중 자유무역협정(FTA) 서비스·투자 후속협상 개최",1,1,0,1,1,0,1,1,0,1,1,0,0,0,0,1,1,0,1,1,0,1,1,0,0.97996,0.97996,0.0
"korea-kr-pairs2/156776062_[8.31.보도참고자료] 질병청, 지자체 감염병 검사기관 대상 시범평가 실시",1,1,0,1,1,0,1,1,0,1,1,0,0,0,0,1,1,0,0.99426,0.99426,0.0,1,1,0,0.98985,0.98985,0.0
korea-kr-pairs2/156776064_260831 (8월 29일(토) 18시) 쓰봉크럽 with 우리동네 새단장 행안부-여기어때 속초 해수욕장에서 손잡았다(자치행정과),2,2,0,1,1,0,1,1,0,1,1,0,0,0,0,1,1,0,0.99458,0.99458,0.0,1,1,0,0.98679,0.98679,0.0
korea-kr-pairs2/156776066_260831 (조간) “주민의 아이디어로 지역문제 해결” 행안부 2026년 주민자치 우수사례 공모 (주민자치혁신과),2,2,0,1,1,0,1,1,0,1,1,0,0,0,0,1,1,0,0.99298,0.99298,0.0,1,1,0,0.97749,0.97749,0.0
korea-kr-pairs2/156776068_260831 (조간) 지역사랑상품권 5개년 법정 기본계획 최초 수립 지역경제 선순환 이끈다(민생경제지원과),9,9,0,1,1,0,0.907143,0.907143,0.0,0.98374,0.98374,0.0,0,0,0,0.99331,0.99331,0.0,0.99736,0.99736,0.0,1,1,0,0.98407,0.98407,0.0
korea-kr-pairs2/156776070_260831 (조간) AI기반 산업안전 침수·화재 대응까지 국민 안전 지키는 우수 기술 한자리에(재난안전산업과),3,3,0,1,1,0,1,1,0,1,1,0,0,0,0,1,1,0,1,1,0,1,1,0,0.98932,0.98932,0.0
korea-kr-pairs2/156776072_260831 (조간) “영업신고와 사업자등록 한곳에서 한 번에” 8월 31일부터 원스톱 서비스 전국 시행(원스톱행정서비스추진단),3,3,0,1,1,0,0.933333,0.933333,0.0,0.989218,0.989218,0.0,0,0,0,0.99817,0.99817,0.0,0.99635,0.99635,0.0,1,1,0,0.98851,0.98851,0.0
korea-kr-pairs2/156776073_260831(조간용) 9월 한 달간 불법무기 자진신고 기간 운영(범죄예방정책),1,1,0,1,1,0,1,1,0,1,1,0,0,0,0,1,1,0,0.99854,0.99854,0.0,1,1,0,1,1,0
korea-kr-pairs2/156776074_260831 행복청 26-67호 보도자료(도시건축박물관 우수사례답사),2,2,0,1,1,0,1,1,0,1,1,0,0,0,0,1,1,0,0.9977,0.9977,0.0,1,1,0,1,1,0
korea-kr-pairs2/156776075_260831(조간용) 차세대지능형 수사자료분석솔루션 개발(과학수사),2,2,0,1,1,0,1,1,0,1,1,0,0,0,0,1,1,0,0.99882,0.99882,0.0,1,1,0,0.95158,0.95158,0.0
korea-kr-pairs2/156776078_260831_보도자료_병원 내 건강한 조직문화 조성을 위한 일터혁신 교육 영상 개요(노사발전재단),1,1,0,1,1,0,1,1,0,1,1,0,0,0,0,1,1,0,1,1,0,1,1,0,0.98808,0.98808,0.0
korea-kr-pairs2/156776079_260831_보도자료_『고용이슈』 여름호 발간(한국고용정보원),2,2,0,1,1,0,1,1,0,1,1,0,0,0,0,1,1,0,0.99806,0.99806,0.0,1,1,0,0.98763,0.98763,0.0
korea-kr-pairs2/156776086_(260830)보도자료-산림청_인사발령(26.8.31.자),2,2,0,1,1,0,1,1,0,1,1,0,0,0,0,1,1,0,1,1,0,1,1,0,1,1,0
korea-kr-pairs2/156776088_한-미 에너지 안보 협력 강화(보도자료)(국제협력 8.31),2,2,0,1,1,0,1,1,0,1,1,0,0,0,0,1,1,0,0.99916,0.99916,0.0,1,1,0,0.99509,0.99509,0.0
korea-kr-pairs2/156776091_260831 [방사청 보도자료] 장갑형의무후송차량 체계개발 완료,2,2,0,1,1,0,1,1,0,1,1,0,0,0,0,1,1,0,1,1,0,1,1,0,0.9688,0.9688,0.0
korea-kr-pairs2/156776094_260828 (금융위 보도자료 8.28일) 불법사채 200만원이 400만원이 될 뻔한 순간 신고 한 번으로 막을 수 있습니다,4,4,0,1,1,0,1,1,0,1,1,0,0,0,0,0.99946,0.99946,0.0,0.99905,0.99905,0.0,1,1,0,0.99578,0.99578,0.0
"korea-kr-pairs2/156776096_260831 (보도자료) 지역 우수제품 홈쇼핑 판매, 전국으로 확대",1,1,0,1,1,0,1,1,0,1,1,0,0,0,0,1,1,0,0.99424,0.99424,0.0,1,1,0,0.98577,0.98577,0.0
"korea-kr-pairs2/156776098_273 [지식재산처] 기업 생존의 열쇠인 기술과 지식재산 보호, 이렇게 지키세요!",1,1,0,1,1,0,1,1,0,1,1,0,0,0,0,1,1,0,1,1,0,1,1,0,0.98624,0.98624,0.0
korea-kr-pairs2/156776102_260831 (석간) 아세안 재난관리 역량강화과정 새로운 또다른 4년 여정의 첫발을 내딛다(국가재난안전교육원),2,2,0,1,1,0,1,1,0,1,1,0,0,0,0,1,1,0,0.99269,0.99269,0.0,1,1,0,0.99124,0.99124,0.0
korea-kr-pairs2/156776103_(260831) 부패행위 면직 불법취업자 17명 적발...해임.고발조치 요구,2,2,0,1,1,0,1,1,0,1,1,0,0,0,0,1,1,0,0.9953,0.9953,0.0,1,1,0,0.99152,0.99152,0.0
korea-kr-pairs2/156776105_260831_2026 경제교육대상 공모 보도자료,1,1,0,1,1,0,1,1,0,1,1,0,0,0,0,1,1,0,1,1,0,1,1,0,1,1,0
korea-kr-pairs2/156776110_24-1_농작업_안전_수칙__큰_글씨그림으로_더_쉽고_더_가까이_전한다(지원국),4,4,0,1,1,0,1,1,0,1,1,0,0,0,0,1,1,0,0.9993,0.9993,0.0,1,1,0,0.97995,0.97995,0.0
korea-kr-pairs2/156776112_24-2_농촌진흥청_이달의신간(농과원),4,4,0,1,1,0,1,1,0,1,1,0,0,0,0,1,1,0,1,1,0,1,1,0,0.98643,0.98643,0.0
korea-kr-pairs2/156776114_24-3_여름에만_만나는_풋귤…청주스차로_신선하게_즐겨요(원예원),4,4,0,1,1,0,1,1,0,1,1,0,0,0,0,1,1,0,0.99868,0.99868,0.0,1,1,0,0.99076,0.99076,0.0
korea-kr-pairs2/156776116_24-4_기후변화_대응__고랭지_배추_품종_개발_방향_현장에서_찾는다(원예원),2,2,0,1,1,0,1,1,0,1,1,0,0,0,0,1,1,0,1,1,0,1,1,0,0.98526,0.98526,0.0
korea-kr-pairs2/156776118_24-5_(즉시보도_통전지)농촌진흥청과수폭염가뭄피해예방위해기술지원강화(원예원),2,2,0,1,1,0,1,1,0,1,1,0,0,0,0,1,1,0,1,1,0,1,1,0,0.98413,0.98413,0.0
korea-kr-pairs2/156776120_24-6_(즉시보도_통전지)장기저장능동형시에이저장고현장에서기술완성도높인다(농과원),4,4,0,1,1,0,1,1,0,1,1,0,0,0,0,1,1,0,0.9845,0.9845,0.0,1,1,0,0.9967,0.9967,0.0
korea-kr-pairs2/156776123_260831_ (보도자료)_공공공사 페이퍼컴퍼니_강력제재,1,1,0,1,1,0,1,1,0,1,1,0,0,0,0,1,1,0,1,1,0,1,1,0,0.99077,0.99077,0.0
korea-kr-pairs2/156776124_260831_(보도자료)_&#039;지방주도성장&#039; 공공조달이 뒷받침 지역 혁신기업 판로 ‘활짝’_배포용,1,1,0,1,1,0,1,1,0,1,1,0,0,0,0,1,1,0,0.99386,0.99386,0.0,1,1,0,0.9925,0.9925,0.0
"korea-kr-pairs2/156776125_260901(조간) 해수부, 여객선 휴대·반입 리튬배터리 안전관리 강화한다(해사산업기술과)",3,3,0,1,1,0,1,1,0,1,1,0,0,0,0,1,1,0,1,1,0,1,1,0,0.99314,0.99314,0.0
korea-kr-pairs2/156776126_260901(조간) 세계시장으로 도약할 ‘우수 선박관리사업자 인증’ 신청기업 모집한다(선원정책과),1,1,0,1,1,0,1,1,0,1,1,0,0,0,0,1,1,0,1,1,0,0.92857,0.92857,0.0,0.99221,0.99221,0.0
"korea-kr-pairs2/156776127_260901(조간) 추석연휴, 안전한 뱃길을 위한 연안여객선 특별점검 실시(연안해운과)",1,1,0,1,1,0,1,1,0,1,1,0,0,0,0,1,1,0,1,1,0,1,1,0,1,1,0
"korea-kr-pairs2/156776128_260901(조간) 코레일-에스알 9월 1일 하나로…안전 최우선, 더 편리한 고속철도의 시작(고속철도 통합추진 TF팀)",2,2,0,1,1,0,1,1,0,1,1,0,0,0,0,1,1,0,0.99932,0.99932,0.0,1,1,0,0.99284,0.99284,0.0
"korea-kr-pairs2/156776129_260901(조간) 「2026 항공산업 커리어 엑스포」 개최…“항공 일자리, 한 자리에서 만난다”(항공정책과)",1,1,0,1,1,0,1,1,0,1,1,0,0,0,0,1,1,0,1,1,0,1,1,0,0.98391,0.98391,0.0
korea-kr-pairs2/156776130_25-1_일손_줄이는_‘연무‧연막’_농약_사용__제도화_속도_낸다(농과원),1,1,0,1,1,0,1,1,0,1,1,0,0,0,0,1,1,0,0.99856,0.99856,0.0,1,1,0,0.99527,0.99527,0.0
korea-kr-pairs2/156776132_25-2_농산물_수확_후_품질관리__이론부터_실습까지_배운다(원예원),1,1,0,1,1,0,1,1,0,1,1,0,0,0,0,1,1,0,1,1,0,1,1,0,0.98889,0.98889,0.0
korea-kr-pairs2/156776134_25-3_기후변화_대응_초지·풀사료_연구__한중일_머리_맞댄다(축산원),2,2,0,1,1,0,1,1,0,1,1,0,0,0,0,1,1,0,1,1,0,1,1,0,1,1,0
korea-kr-pairs2/156776136_25-4_(즉시보도_통전지)농촌진흥청한국정보화농업인중앙연합회농업인인공지능활용활성화맞손(기획조정관실_지원국_협력국),2,2,0,1,1,0,1,1,0,1,1,0,0,0,0,1,1,0,0.9954,0.9954,0.0,1,1,0,0.99272,0.99272,0.0
korea-kr-pairs2/156776138_25-5_(즉시보도_통전지)식량원-칠곡군__추석_햅쌀_겨냥한_밥맛_좋은_조생종_벼_수확_연시회_개최(식량원),5,5,0,1,1,0,1,1,0,1,1,0,0,0,0,1,1,0,0.99974,0.99974,0.0,0.98039,0.98039,0.0,0.99856,0.99856,0.0
korea-kr-pairs2/156776142_[260831 11시보도] (주)GS리테일 유출사고에 대해 과징금 및 과태료 부과(조사2과),2,2,0,1,1,0,1,1,0,1,1,0,0,0,0,1,1,0,1,1,0,1,1,0,0.99555,0.99555,0.0
korea-kr-pairs2/156776143_★26.7.월 국세수입 현황 보도자료,2,2,0,1,1,0,1,1,0,1,1,0,0,0,0,1,1,0,1,1,0,1,1,0,0.99723,0.99723,0.0
korea-kr-pairs2/156776144_25-6_(즉시보도_통전지_현장방문)농촌진흥청·한국전기안전공사__폭염기_젖소_농가_합동_안전_점검(축산원),7,7,0,1,1,0,1,1,0,1,1,0,0,0,0,1,1,0,0.99884,0.99884,0.0,1,1,0,0.98382,0.98382,0.0
korea-kr-pairs2/156776146_25-7_(즉시보도_통전지)농촌진흥청__‘국산_밀가루_구입_안내서’_제작해_소상공인_현장_애로_해소(식량원),3,3,0,1,1,0,1,1,0,1,1,0,0,0,0,1,1,0,1,1,0,1,1,0,0.99582,0.99582,0.0
"korea-kr-pairs2/156776148_0831(01조간)산업기술시장과, 산업기술 RnD 사업화 우대금융 7천억원 본격 공급개시",1,1,0,1,1,0,1,1,0,1,1,0,0,0,0,1,1,0,1,1,0,1,1,0,0.98361,0.98361,0.0
"korea-kr-pairs2/156776149_0831(01조간)통상협정협상총괄과, 「한-영 자유무역협정(FTA)」 개선 협정문 한글본 공개 및 국민의견 접수",1,1,0,1,1,0,1,1,0,1,1,0,0,0,0,1,1,0,1,1,0,1,1,0,0.99676,0.99676,0.0
korea-kr-pairs2/156776153_26-1_명절중심배시장판도바꾼다녹색배로일상소비확대(원예원),6,6,0,0.895238,0.895238,0.0,0.702703,0.702703,0.0,0.746627,0.746627,0.0,0,0,0,0.99945,0.99945,0.0,0.99434,0.99434,0.0,0.98551,0.98551,0.0,0.98819,0.98819,0.0
korea-kr-pairs2/156776155_26-2_식물의구조신호에증가한미생물방제소재활용기대(농과원),2,2,0,1,1,0,1,1,0,1,1,0,0,0,0,1,1,0,0.99597,0.99597,0.0,1,1,0,0.99115,0.99115,0.0
korea-kr-pairs2/156776157_26-3_저지종_젖소산업활성화모색관·학한자리에(낙농과),3,3,0,1,1,0,1,1,0,1,1,0,0,0,0,0.99909,0.99909,0.0,0.99954,0.99954,0.0,1,1,0,0.99138,0.99138,0.0
korea-kr-pairs2/156776159_26-4_(즉시보도_통전지)국가표준식품성분DB_활용_아이디어_공모전_개최(식량원),2,2,0,1,1,0,1,1,0,1,1,0,0,0,0,1,1,0,0.99951,0.99951,0.0,1,1,0,0.9856,0.9856,0.0
korea-kr-pairs2/156776161_26-5_(즉시보도_통전지)농촌진흥청__‘국산_콩_산업_활성화_및_소비_확대_심포지엄’_개최(식량원),2,2,0,0.734694,0.734694,0.0,0.708029,0.708029,0.0,0.754962,0.754962,0.0,0,0,0,1,1,0,0.99658,0.99658,0.0,1,1,0,0.99118,0.99118,0.0
korea-kr-pairs2/156776163_26-6_(즉시보도_통전지)농촌진흥청__생명공학기술활용한_토종가축연구방향_모색(축산원),2,2,0,1,1,0,1,1,0,1,1,0,0,0,0,1,1,0,0.99822,0.99822,0.0,1,1,0,0.99757,0.99757,0.0
"korea-kr-pairs2/156776165_[9.1.화.조간] 연간 1만여 척 선박 입항 빨라진다, 선박 검역 &#039;감염병 위험도 중심&#039;으로 전환",2,2,0,1,1,0,1,1,0,1,1,0,0,0,0,1,1,0,1,1,0,1,1,0,0.99423,0.99423,0.0
korea-kr-pairs2/156776166_[9.1.화 조간] 예술 통해 정신질환 편견 걷어낸다 ‘정신건강의 날’ 기념 초대전 개최,4,4,0,1,1,0,1,1,0,1,1,0,0,0,0,1,1,0,0.99551,0.99551,0.0,1,1,0,0.99265,0.99265,0.0
korea-kr-pairs2/156776167_층간소음 대화형 자동상담(챗봇)으로 편리하게(보도자료)(대기환경 8.31),1,1,0,1,1,0,1,1,0,1,1,0,0,0,0,1,1,0,0.99501,0.99501,0.0,1,1,0,1,1,0
korea-kr-pairs2/156776168_유해물질의 원천적 사용저감 사례 찾는다(보도자료)(화학물질 8.31),2,2,0,1,1,0,1,1,0,1,1,0,0,0,0,1,1,0,0.99898,0.99898,0.0,1,1,0,0.99419,0.99419,0.0
korea-kr-pairs2/156776169_★제32회 통계의날 보도자료,9,9,0,1,1,0,1,1,0,1,1,0,0,0,0,1,1,0,0.99654,0.99654,0.0,1,1,0,0.99039,0.99039,0.0
korea-kr-pairs2/156776170_(보도자료)2026년 국가데이터 활용대회 결과발표,4,4,0,1,1,0,1,1,0,1,1,0,0,0,0,1,1,0,0.99942,0.99942,0.0,1,1,0,0.99696,0.99696,0.0
korea-kr-pairs2/156776174_260901 (조간) 제주4·3사건 희생자 유족 추가신고 길 열린다... 보상금 신청도 3년 연장(사회통합지원과),4,4,0,1,1,0,1,1,0,1,1,0,0,0,0,1,1,0,0.99945,0.99945,0.0,1,1,0,0.99399,0.99399,0.0
korea-kr-pairs2/156776176_260901 (조간) 국민안전산업펀드 1호 펀드 결성 추진(재난안전산업과),2,2,0,1,1,0,1,1,0,1,1,0,0,0,0,1,1,0,0.98895,0.98895,0.0,1,1,0,0.98741,0.98741,0.0
korea-kr-pairs2/156776178_260901 (조간) 대형차 우회전 사고부터 침수지역 인명 구조까지 국민 아이디어로 해결한다(재난안전연구개발과),4,4,0,1,1,0,1,1,0,1,1,0,0,0,0,1,1,0,1,1,0,1,1,0,0.99241,0.99241,0.0
korea-kr-pairs2/156776180_260901 (조간) 가을철 안전위험 요소 안전신문고로 신고하세요(안전개선과),3,3,0,1,1,0,1,1,0,1,1,0,0,0,0,1,1,0,0.99926,0.99926,0.0,1,1,0,0.9882,0.9882,0.0
korea-kr-pairs2/156776181_260831_보도자료_여성경제활동지원센터 새 이름 공모전_최종배포본,1,1,0,0.583333,0.583333,0.0,0.75,0.75,0.0,0.835878,0.835878,0.0,0,0,0,1,1,0,1,1,0,1,1,0,0.93227,0.93227,0.0
korea-kr-pairs2/156776211_(국제농식품협력관-검역정책과) 한우 홍콩 수출길 더 넓어진다. 국민주권정부 들어 축산물 수출 성과 잇따라(8.31. 11시),2,2,0,1,1,0,1,1,0,1,1,0,0,0,0,1,1,0,1,1,0,1,1,0,1,1,0
korea-kr-pairs2/156776233_260831_보도자료_여성폭력_사건_보도_권고기준_발표_최종배포본,1,1,0,1,1,0,1,1,0,1,1,0,0,0,0,1,1,0,1,1,0,1,1,0,0.98936,0.98936,0.0
korea-kr-pairs2/156776239_260831(보도자료) 軍 복무기간이 ‘자산을 형성하고 금융역량을 키우는 기회’가 되도록 지원합니다.,1,1,0,1,1,0,1,1,0,1,1,0,0,0,0,1,1,0,1,1,0,1,1,0,0.99547,0.99547,0.0
korea-kr-pairs2/156776251_[26.8.31.(월) 보도자료] 중국 포름알데히드 사용 배추 국내로 수출되지 않은 것으로 확인,1,1,0,1,1,0,1,1,0,1,1,0,0,0,0,1,1,0,0.99069,0.99069,0.0,1,1,0,0.99588,0.99588,0.0
korea-kr-pairs2/156776281_(보도자료) 제1차 교정청 신설 관련 전국 교정공무원 토론회 개최 (배포즉시보도),1,1,0,1,1,0,1,1,0,1,1,0,0,0,0,1,1,0,0.99089,0.99089,0.0,1,1,0,0.99002,0.99002,0.0
korea-kr-pairs2/156776282_(보도자료) 법무부 교정공무원 인사 (배포즉시보도),5,5,0,1,1,0,1,1,0,1,1,0,0,0,0,1,1,0,0.96806,0.96806,0.0,1,1,0,0.95911,0.95911,0.0
korea-kr-pairs2/156777161_260831 보도자료(2026년 9월의 독립운동가)최종,3,3,0,1,1,0,1,1,0,1,1,0,0,0,0,1,1,0,0.99931,0.99931,0.0,1,1,0,0.98772,0.98772,0.0
korea-kr-pairs2/156777162_260831 보도자료(2026년 9월 이달의 6.25전쟁영웅 선정)최종,2,2,0,1,1,0,1,1,0,1,1,0,0,0,0,1,1,0,0.9928,0.9928,0.0,1,1,0,0.99656,0.99656,0.0
korea-kr-pairs2/156783167_[26-776](보도자료) 제81차 유엔총회 계기 「에볼라 대응 관련 G20 외교장관회의」 결과,1,1,0,1,1,0,1,1,0,1,1,0,0,0,0,1,1,0,1,1,0,1,1,0,0.99145,0.99145,0.0
korea-kr-pairs2/156783168_[26-777](보도자료) 제81차 유엔총회 계기 「G7 개발장관회의」 결과,1,1,0,1,1,0,1,1,0,1,1,0,0,0,0,1,1,0,1,1,0,1,1,0,0.99263,0.99263,0.0
"korea-kr/156765937_[보도참고자료] 정은경 장관 쪽방촌 방문, 안전하고 시원한 여름 위해 지원 아끼지 않을 것",2,2,0,1,1,0,1,1,0,1,1,0,0,0,0,1,1,0,0.99535,0.99535,0.0,1,1,0,0.97848,0.97848,0.0
"korea-kr/156765938_[보도참고자료] ‘난임 극복, 이제 직장에서부터‘ 민관이 함께 가족친화적 문화 만든다",3,3,0,1,1,0,1,1,0,1,1,0,0,0,0,1,1,0,0.99689,0.99689,0.0,1,1,0,0.9955,0.9955,0.0
korea-kr/156765942_260611_중기부·제약_대·중견기업과_손잡고_바이오_스타트업_키운다···『2026년_모두의_챌린지_바이오』_참가기업_모집,2,2,0,1,1,0,1,1,0,1,1,0,0,0,0,1,1,0,0.99967,0.99967,0.0,0.98684,0.98684,0.0,0.98746,0.98746,0.0
"korea-kr/156765943_260611_중기부·농식품부·식약처,_K-푸드_산업의_AI+_제조혁신과_글로벌_진출을_위해_손잡다!",4,4,0,1,1,0,1,1,0,1,1,0,0,0,0,0.99914,0.99914,0.0,0.99957,0.99957,0.0,1,1,0,0.98733,0.98733,0.0
"korea-kr/156765945_[6.10. 보도참고자료] 에볼라 유행지역 방문 후 증상발현 시 1339, 보건소로 신고_수정",3,3,0,1,1,0,1,1,0,1,1,0,0,0,0,1,1,0,1,1,0,1,1,0,0.99081,0.99081,0.0
korea-kr/156765948_260608_보도자료_제3차 실무 마약류대책협의회 개최,4,4,0,1,1,0,1,1,0,1,1,0,0,0,0,1,1,0,1,1,0,1,1,0,0.98983,0.98983,0.0
korea-kr/156765949_260610_보도자료_2026 고졸인재 채용엑스포 맞춤형 고용서비스 선보인다(한국고용정보원),1,1,0,1,1,0,1,1,0,1,1,0,0,0,0,1,1,0,1,1,0,1,1,0,0.98467,0.98467,0.0
korea-kr/156765951_260610 (관계부처 합동) 「방미통위 ? 과기정통부 정책협의회」 출범,2,2,0,1,1,0,1,1,0,1,1,0,0,0,0,1,1,0,0.99666,0.99666,0.0,1,1,0,0.99079,0.99079,0.0
korea-kr/156765953_260610(동정)_김이탁_제1차관__해체공사_안전관리_TF_기관장_회의_주재(건설안전과),1,1,0,1,1,0,1,1,0,1,1,0,0,0,0,1,1,0,0.99209,0.99209,0.0,1,1,0,0.98299,0.98299,0.0
korea-kr/156765957_백제보 완전개방으로 금강의 물흐름 하나로 연결한다(보도자료)(물관리 6.10),3,3,0,1,1,0,1,1,0,1,1,0,0,0,0,1,1,0,0.9957,0.9957,0.0,1,1,0,0.99307,0.99307,0.0
korea-kr/156765959_260610_보도자료_공공기관 노동이사제 현장안착 지원을 위한 교육 실시(한국고용노동교육원),1,1,0,1,1,0,1,1,0,1,1,0,0,0,0,1,1,0,0.99701,0.99701,0.0,1,1,0,1,1,0
korea-kr/156765960_260610_보도자료_고졸인재와 기술로 만난다(폴리텍대학),1,1,0,1,1,0,1,1,0,1,1,0,0,0,0,1,1,0,1,1,0,1,1,0,0.9471,0.9471,0.0
korea-kr/156765961_260610_보도자료_「청년미래플러스」 온라인 신청 개시(한국산업인력관리공단),1,1,0,1,1,0,1,1,0,1,1,0,0,0,0,1,1,0,1,1,0,1,1,0,1,1,0
korea-kr/156765962_260610_보도자료_식품위생업 사업자단체 대상 노무관리 간담회 실시,1,1,0,1,1,0,1,1,0,1,1,0,0,0,0,1,1,0,1,1,0,1,1,0,0.99371,0.99371,0.0
korea-kr/156765963_260610_보도자료_전남광주 산업안전거버넌스 라운드테이블 개최,2,2,0,1,1,0,1,1,0,1,1,0,0,0,0,1,1,0,0.99856,0.99856,0.0,1,1,0,0.99583,0.99583,0.0
"korea-kr/156765967_260610 이종욱 관세청장, 튀니지 대표단 면담",1,1,0,1,1,0,1,1,0,1,1,0,0,0,0,1,1,0,1,1,0,1,1,0,0.9916,0.9916,0.0
korea-kr/156765974_(260610)보도자료-제3차_정원진흥기본계획_발표 (1),1,1,0,1,1,0,1,1,0,1,1,0,0,0,0,1,1,0,1,1,0,1,1,0,0.99833,0.99833,0.0
korea-kr/156765976_(260610)보도자료-2026_목재문화페스티벌_개최,2,2,0,1,1,0,1,1,0,1,1,0,0,0,0,1,1,0,1,1,0,1,1,0,0.98083,0.98083,0.0
"korea-kr/156765978_[26-472](보도자료) 외교전략정보본부장, 피터 셈네비 스웨덴 한반도특사 면담(6.10.)",1,1,0,1,1,0,1,1,0,1,1,0,0,0,0,1,1,0,0.99756,0.99756,0.0,1,1,0,1,1,0
korea-kr/156765979_260610_(보도자료) 제19기 행복공감봉사단 3차 봉사활동,3,3,0,1,1,0,1,1,0,1,1,0,0,0,0,1,1,0,1,1,0,1,1,0,0.99318,0.99318,0.0
korea-kr/156765980_260610(설명) 민자철도의 안전을 최우선으로 하여 민자철도 운영평가를 하겠습니다 (철도투자개발과),1,1,0,1,1,0,1,1,0,1,1,0,0,0,0,1,1,0,0.98519,0.98519,0.0,1,1,0,0.99231,0.99231,0.0
"korea-kr/156765981_[보도참고자료] 가짜진료？과잉처방 집중 조사, 비정상 진료 엄정 대응 나선다",2,2,0,1,1,0,1,1,0,1,1,0,0,0,0,1,1,0,1,1,0,1,1,0,1,1,0
korea-kr/156765983_260610 (보도자료)불법외환거래대응반 회의 개최_F,1,1,0,1,1,0,1,1,0,1,1,0,0,0,0,1,1,0,0.99674,0.99674,0.0,1,1,0,0.99847,0.99847,0.0
"korea-kr/156765986_9-1_농산부산물부터맞춤식품까지푸드테크미래를본다(연정국,식량원)",3,3,0,1,1,0,1,1,0,1,1,0,0,0,0,1,1,0,0.99466,0.99466,0.0,1,1,0,0.99734,0.99734,0.0
korea-kr/156765993_260610 제16차 위원회 결과(서면)브리핑,1,1,0,1,1,0,1,1,0,1,1,0,0,0,0,1,1,0,0.99176,0.99176,0.0,1,1,0,0.97674,0.97674,0.0
"korea-kr/156765995_260610 (보도자료) 의결(마). “북중미 월드컵 중계, 순차편성” 권고",1,1,0,1,1,0,1,1,0,1,1,0,0,0,0,1,1,0,0.98994,0.98994,0.0,1,1,0,0.9951,0.9951,0.0
korea-kr/156765997_9-2_하나로통한다수출농산물농약안전사용지침정보무늬고도화(농과원),1,1,0,1,1,0,1,1,0,1,1,0,0,0,0,1,1,0,1,1,0,1,1,0,0.99143,0.99143,0.0
korea-kr/156765999_9-3_폭염집중호우대비여름철과수원관리중요(원예원),3,3,0,1,1,0,1,1,0,1,1,0,0,0,0,1,1,0,0.99103,0.99103,0.0,1,1,0,0.99106,0.99106,0.0
korea-kr/156766001_9-4_폭염_장기화_대응…한우_고온_스트레스_완화_첨가제_효과_확인(축산원),3,3,0,1,1,0,1,1,0,1,1,0,0,0,0,1,1,0,0.99667,0.99667,0.0,1,1,0,0.98214,0.98214,0.0
korea-kr/156766003_9-6_(즉시보도_통전지)국립식량과학원-샘표식품，_국산_식량작물·발효미생물_활용_고급_장류_개발_맞손(식량원),2,2,0,1,1,0,1,1,0,1,1,0,0,0,0,1,1,0,0.99226,0.99226,0.0,1,1,0,0.98944,0.98944,0.0
korea-kr/156766005_(보도자료) 법무부 검찰인권존중미래위원회 발족 및 1차 조사 대상 사건 선정 및 조사 권고 (배포즉시보도),2,2,0,1,1,0,1,1,0,1,1,0,0,0,0,0.99444,0.99444,0.0,1,1,0,1,1,0,0.98931,0.98931,0.0
korea-kr/156766006_(축산정책관-축산정책과) ‘함께 만드는 안전한 축사!’ 농식품부·농협·한우협회 공동 축사안전 캠페인 실시  보도자료(6.11. 조간),2,2,0,1,1,0,1,1,0,1,1,0,0,0,0,0.99832,0.99832,0.0,1,1,0,1,1,0,0.97828,0.97828,0.0
korea-kr/156766011_[26-473](보도자료) 「2026 한-중남미 미래협력 포럼」 개최 결과,2,2,0,1,1,0,1,1,0,1,1,0,0,0,0,1,1,0,0.99977,0.99977,0.0,1,1,0,0.99408,0.99408,0.0
korea-kr/156766013_260611 (17시) 화물열차 탈선으로 유류 누출·폭발 사고 올해 두 번째 레디 코리아 훈련 실시(재난대응훈련과),2,2,0,1,1,0,1,1,0,1,1,0,0,0,0,1,1,0,0.99359,0.99359,0.0,1,1,0,0.98403,0.98403,0.0
"korea-kr/156766016_260608 (동정) 황종우 해수부 장관, 크루즈 관광객 맞이 부산항 준비상황 점검-해양레저관광과",1,1,0,1,1,0,1,1,0,1,1,0,0,0,0,1,1,0,1,1,0,1,1,0,0.992,0.992,0.0
korea-kr/156766019_260611 (18시) 수도권 일극 체제 극복 시동 전남광주통합특별시 출범 현황 점검(자치행정과),2,2,0,1,1,0,1,1,0,1,1,0,0,0,0,1,1,0,0.99424,0.99424,0.0,1,1,0,0.99007,0.99007,0.0
korea-kr/156766044_260610 김민석 국무총리 자살예방 정책현장 간담회 보도자료(최종),1,1,0,1,1,0,1,1,0,1,1,0,0,0,0,1,1,0,0.99079,0.99079,0.0,1,1,0,0.99597,0.99597,0.0
pairs/pair05-mods-해외통계채용,8,8,0,0.998316,0.998316,0.0,1,1,0,1,1,0,0,0,0,1,1,0,0.99344,0.99344,0.0,0.99474,0.99474,0.0,0.98414,0.98414,0.0
pairs/pair06-mods-인구주택채용,14,14,0,1,1,0,0.990291,0.990291,0.0,0.862162,0.862162,0.0,0,0,0,0.99762,0.99762,0.0,0.99226,0.99226,0.0,0.95868,0.95868,0.0,0.98929,0.98929,0.0
pairs/pair07-mods-경제총조사채용,6,6,0,1,1,0,1,1,0,1,1,0,0,0,0,0.99547,0.99547,0.0,0.99118,0.99118,0.0,1,1,0,0.97514,0.97514,0.0
pairs/pair08-mods-가계금융채용,7,7,0,0.998106,0.998106,0.0,0.99115,0.99115,0.0,0.989559,0.989559,0.0,0,0,0,0.99628,0.99628,0.0,0.99112,0.99112,0.0,0.99451,0.99451,0.0,0.98078,0.98078,0.0
pairs/pair10-nrich-부여채용,17,17,0,1,1,0,0.997361,0.997361,0.0,0.999824,0.999824,0.0,0,0,0,0.99903,0.99903,0.0,0.99662,0.99662,0.0,0.99581,0.99581,0.0,0.98352,0.98352,0.0
pairs/pair11-nrich-중원채용,15,15,0,1,1,0,0.989583,0.989583,0.0,0.998512,0.998512,0.0,0,0,0,0.99664,0.99664,0.0,0.99731,0.99731,0.0,1,1,0,0.98266,0.98266,0.0
rhwp/[2027] 온새미로 1 본교재,3,3,0,0.932796,0.932796,0.0,1,1,0,1,1,0,0,0,0,0.99386,0.99386,0.0,0.9772,0.9772,0.0,0.99593,0.99593,0.0,0.96484,0.96484,0.0
rhwp/2025 행정업무운영 편람(최종),219,219,0,0.983697,0.983697,0.0,0.960715,0.960715,0.0,0.882107,0.882107,0.0,2,2,0,0.99923,0.99923,0.0,0.9595,0.9595,0.0,0.97748,0.97748,0.0,0.98351,0.98351,0.0
rhwp/2025년 기부·답례품 실적 지자체 보고서_양식,1,1,0,1,1,0,1,1,0,1,1,0,0,0,0,1,1,0,1,1,0,1,1,0,1,1,0
rhwp/3-09월_교육_통합_2022,2,2,0,1,1,0,0.915094,0.915094,0.0,0.881356,0.881356,0.0,0,0,0,0.87911,0.87911,0.0,0.34763,0.34763,0.0,0.52273,0.52273,0.0,0.72445,0.72445,0.0
rhwp/3-09월_교육_통합_2023,2,2,0,1,1,0,0.96,0.96,0.0,0.774359,0.774359,0.0,0,0,0,0.89365,0.89365,0.0,0.35844,0.35844,0.0,0.84375,0.84375,0.0,0.75459,0.75459,0.0
rhwp/3-10월_교육_통합_2022,2,2,0,0.933333,0.933333,0.0,0.881818,0.881818,0.0,0.574074,0.574074,0.0,0,0,0,0.91311,0.91311,0.0,0.36467,0.36467,0.0,0.53846,0.53846,0.0,0.70951,0.70951,0.0
rhwp/3-11월_실전_통합_2022,1,1,0,1,1,0,1,1,0,1,1,0,0,0,0,0.90347,0.90347,0.0,0.40443,0.40443,0.0,0.46875,0.46875,0.0,0.71425,0.71425,0.0
rhwp/chart/가로막대형/3차원누적가로막대형,0,0,0,1,1,0,1,1,0,1,1,0,0,0,0,1,1,0,1,1,0,1,1,0,1,1,0
rhwp/chart/가로막대형/3차원묶은가로막대형,0,0,0,1,1,0,1,1,0,1,1,0,0,0,0,1,1,0,1,1,0,1,1,0,1,1,0
rhwp/chart/가로막대형/누적가로막대형,0,0,0,1,1,0,1,1,0,1,1,0,0,0,0,1,1,0,1,1,0,1,1,0,1,1,0
rhwp/chart/가로막대형/묶은가로막대형,0,0,0,1,1,0,1,1,0,1,1,0,0,0,0,1,1,0,1,1,0,1,1,0,1,1,0
rhwp/chart/가로막대형/백프로기준누적가로막대형,0,0,0,1,1,0,1,1,0,1,1,0,0,0,0,1,1,0,1,1,0,1,1,0,1,1,0
rhwp/chart/기타/고가저가종가,0,0,0,1,1,0,1,1,0,1,1,0,0,0,0,1,1,0,1,1,0,1,1,0,1,1,0
rhwp/chart/기타/시가고가저가종가,0,0,0,1,1,0,1,1,0,1,1,0,0,0,0,1,1,0,1,1,0,1,1,0,1,1,0
rhwp/chart/라인/꺽은선형,0,0,0,1,1,0,1,1,0,1,1,0,0,0,0,1,1,0,1,1,0,1,1,0,1,1,0
rhwp/chart/라인/누적꺽은선형,0,0,0,1,1,0,1,1,0,1,1,0,0,0,0,1,1,0,1,1,0,1,1,0,1,1,0
rhwp/chart/라인/백프로기준누적꺽은선형,0,0,0,1,1,0,1,1,0,1,1,0,0,0,0,1,1,0,1,1,0,1,1,0,1,1,0
rhwp/chart/라인/표식이있는꺽은선형,0,0,0,1,1,0,1,1,0,1,1,0,0,0,0,1,1,0,1,1,0,1,1,0,1,1,0
rhwp/chart/라인/표식이있는누적꺽은선형,0,0,0,1,1,0,1,1,0,1,1,0,0,0,0,1,1,0,1,1,0,1,1,0,1,1,0
rhwp/chart/분산형/곡선및표식이있는분산형,0,0,0,1,1,0,1,1,0,1,1,0,0,0,0,1,1,0,1,1,0,1,1,0,1,1,0
rhwp/chart/분산형/곡선이있는분산형,0,0,0,1,1,0,1,1,0,1,1,0,0,0,0,1,1,0,1,1,0,1,1,0,1,1,0
rhwp/chart/분산형/직선및표식이있는분산형,0,0,0,1,1,0,1,1,0,1,1,0,0,0,0,1,1,0,1,1,0,1,1,0,1,1,0
rhwp/chart/분산형/직선이있는분산형,0,0,0,1,1,0,1,1,0,1,1,0,0,0,0,1,1,0,1,1,0,1,1,0,1,1,0
rhwp/chart/분산형/표식만있는분산형,0,0,0,1,1,0,1,1,0,1,1,0,0,0,0,1,1,0,1,1,0,1,1,0,1,1,0
rhwp/chart/세로막대형/3차원누적세로막대형,0,0,0,1,1,0,1,1,0,1,1,0,0,0,0,1,1,0,1,1,0,1,1,0,1,1,0
rhwp/chart/세로막대형/3차원묶은세로막대형,0,0,0,1,1,0,1,1,0,1,1,0,0,0,0,1,1,0,1,1,0,1,1,0,1,1,0
rhwp/chart/세로막대형/누적세로막대형,0,0,0,1,1,0,1,1,0,1,1,0,0,0,0,1,1,0,1,1,0,1,1,0,1,1,0
rhwp/chart/세로막대형/묶은세로막대형,0,0,0,1,1,0,1,1,0,1,1,0,0,0,0,1,1,0,1,1,0,1,1,0,1,1,0
rhwp/chart/세로막대형/백프로기준누적세로막대형,0,0,0,1,1,0,1,1,0,1,1,0,0,0,0,1,1,0,1,1,0,1,1,0,1,1,0
rhwp/chart/원형/2차원원형,0,0,0,1,1,0,1,1,0,1,1,0,0,0,0,1,1,0,1,1,0,1,1,0,1,1,0
rhwp/chart/원형/3차원원형,0,0,0,1,1,0,1,1,0,1,1,0,0,0,0,1,1,0,1,1,0,1,1,0,1,1,0
rhwp/chart/원형/원형대가로막대형,0,0,0,1,1,0,1,1,0,1,1,0,0,0,0,1,1,0,1,1,0,1,1,0,1,1,0
rhwp/chart/원형/원형대원형,0,0,0,1,1,0,1,1,0,1,1,0,0,0,0,1,1,0,1,1,0,1,1,0,1,1,0
rhwp/chart/원형/쪼개진원형,0,0,0,1,1,0,1,1,0,1,1,0,0,0,0,1,1,0,1,1,0,1,1,0,1,1,0
rhwp/chart/특이케이스/가로막대형_하나만있을떄_단일시리즈제목,0,0,0,1,1,0,1,1,0,1,1,0,0,0,0,1,1,0,1,1,0,1,1,0,1,1,0
rhwp/hwp3-sample-hwpx,2,2,0,1,1,0,1,1,0,1,1,0,0,0,0,1,1,0,1,1,0,1,1,0,0.99309,0.99309,0.0
rhwp/hwp3-sample11-hwpx,9,9,0,1,1,0,1,1,0,1,1,0,0,0,0,0.99808,0.99808,0.0,0.98972,0.98972,0.0,0.98206,0.98206,0.0,0.99236,0.99236,0.0
rhwp/hwp3-sample13-hwp5,0,0,0,1,1,0,1,1,0,1,1,0,0,0,0,1,1,0,1,1,0,1,1,0,0.99876,0.99876,0.0
rhwp/hwp3-sample14-hwp5,0,0,0,1,1,0,1,1,0,1,1,0,0,0,0,0.99966,0.99966,0.0,1,1,0,1,1,0,0.99156,0.99156,0.0
rhwp/hwp3-sample16-hwp5,67,67,0,1,1,0,1,1,0,1,1,0,0,0,0,0.99659,0.99659,0.0,0.96107,0.96107,0.0,0.95464,0.95464,0.0,0.98722,0.98722,0.0
rhwp/hwp3-sample5-hwpx,0,0,0,1,1,0,1,1,0,1,1,0,0,0,0,0.99999,0.99999,0.0,0.99964,0.99964,0.0,0.99915,0.99915,0.0,0.9946,0.9946,0.0
rhwp/hwpx/[2027] 온새미로 1 본교재,3,3,0,0.932796,0.932796,0.0,1,1,0,1,1,0,0,0,0,0.99386,0.99386,0.0,0.9772,0.9772,0.0,0.99593,0.99593,0.0,0.96484,0.96484,0.0
rhwp/hwpx/2024년 1분기 해외직접투자 보도자료 ff,21,21,0,1,1,0,1,1,0,1,1,0,0,0,0,0.99977,0.99977,0.0,0.99988,0.99988,0.0,0.99569,0.99569,0.0,0.96931,0.96931,0.0
rhwp/hwpx/2024년 2분기 해외직접투자 보도자료ff,21,21,0,1,1,0,1,1,0,1,1,0,0,0,0,0.99978,0.99978,0.0,0.99989,0.99989,0.0,0.99561,0.99561,0.0,0.9777,0.9777,0.0
rhwp/hwpx/2024년 연간 해외직접투자 보도자료 _ ff,21,21,0,1,1,0,0.999404,0.999404,0.0,0.999878,0.999878,0.0,0,0,0,0.9997,0.9997,0.0,0.9999,0.9999,0.0,0.99592,0.99592,0.0,0.97712,0.97712,0.0
rhwp/hwpx/2025년 1분기 해외직접투자 보도자료f,21,21,0,1,1,0,1,1,0,1,1,0,0,0,0,1,1,0,0.99988,0.99988,0.0,0.99567,0.99567,0.0,0.97789,0.97789,0.0
rhwp/hwpx/2025년 2분기 해외직접투자 (최종),21,21,0,1,1,0,1,1,0,1,1,0,0,0,0,0.99978,0.99978,0.0,0.99989,0.99989,0.0,0.99567,0.99567,0.0,0.97469,0.97469,0.0
rhwp/hwpx/aift,72,72,0,0.992588,0.992588,0.0,0.998885,0.998885,0.0,0.998042,0.998042,0.0,0,0,0,0.99984,0.99984,0.0,0.96708,0.96708,0.0,0.98689,0.98689,0.0,0.98686,0.98686,0.0
rhwp/hwpx/blank_hwpx,0,0,0,1,1,0,1,1,0,1,1,0,0,0,0,1,1,0,1,1,0,1,1,0,1,1,0
rhwp/hwpx/exam_kor,17,17,0,0.944444,0.944444,0.0,0.796875,0.796875,0.0,0.835625,0.835625,0.0,0,0,0,0.99649,0.99649,0.0,0.9827,0.9827,0.0,0.8516,0.8516,0.0,0.98153,0.98153,0.0
rhwp/hwpx/exam_social,28,28,0,1,1,0,0.927336,0.99654,0.069204,0.800723,0.999128,0.198405,7,0,-7,0.99954,0.99954,0.0,0.99692,0.99692,0.0,0.61187,0.96804,0.35617,0.99215,0.99215,0.0
rhwp/hwpx/footnote-01,0,0,0,1,1,0,1,1,0,1,1,0,0,0,0,0.98851,0.98851,0.0,0.99863,0.99863,0.0,1,1,0,0.96016,0.96016,0.0
rhwp/hwpx/form-002,0,0,0,0.890038,0.890038,0.0,0.5,0.5,0.0,0.261911,0.261911,0.0,0,0,0,1,1,0,0.83859,0.83859,0.0,1,1,0,0.90985,0.90985,0.0
rhwp/hwpx/hwpx-02,0,0,0,1,1,0,1,1,0,1,1,0,0,0,0,0.78697,0.78697,0.0,1,1,0,0.53191,0.53191,0.0,0.84094,0.84094,0.0
rhwp/hwpx/hwpx-h-01,21,21,0,1,1,0,1,1,0,1,1,0,0,0,0,0.99977,0.99977,0.0,0.99988,0.99988,0.0,0.99569,0.99569,0.0,0.96931,0.96931,0.0
rhwp/hwpx/hwpx-h-02,21,21,0,1,1,0,1,1,0,1,1,0,0,0,0,0.99978,0.99978,0.0,0.99989,0.99989,0.0,0.99567,0.99567,0.0,0.97469,0.97469,0.0
rhwp/hwpx/hwpx-h-03,21,21,0,1,1,0,1,1,0,1,1,0,0,0,0,1,1,0,0.99988,0.99988,0.0,0.99567,0.99567,0.0,0.97789,0.97789,0.0
rhwp/hwpx/issue_157,2,2,0,1,1,0,1,1,0,1,1,0,0,0,0,0.99863,0.99863,0.0,0.99588,0.99588,0.0,1,1,0,0.93703,0.93703,0.0
rhwp/hwpx/issue_241,1,1,0,1,1,0,1,1,0,1,1,0,0,0,0,1,1,0,0.99554,0.99554,0.0,1,1,0,0.97531,0.97531,0.0
rhwp/hwpx/issue1948_cross_para_fieldend,2,2,0,1,1,0,1,1,0,1,1,0,0,0,0,0.81129,0.81129,0.0,0.98913,0.98913,0.0,0.94444,0.94444,0.0,0.82759,0.82759,0.0
rhwp/hwpx/issue2019_floating_form_74312,1,1,0,0.633803,0.633803,0.0,0.913043,0.913043,0.0,0.943662,0.943662,0.0,0,0,0,0.99425,0.99425,0.0,0.99374,0.99374,0.0,0.76216,0.76216,0.0,0.92928,0.92928,0.0
rhwp/hwpx/k-water-rfp,10,10,0,1,1,0,0.990307,0.990307,0.0,0.996996,0.996996,0.0,0,0,0,0.99843,0.99843,0.0,0.9918,0.9918,0.0,1,1,0,0.98767,0.98767,0.0
rhwp/hwpx/mel-001,15,15,0,0.934122,0.934122,0.0,0.956631,0.956631,0.0,0.918951,0.918951,0.0,0,0,0,0.99746,0.99746,0.0,0.9966,0.9966,0.0,0.9955,0.9955,0.0,0.9804,0.9804,0.0
rhwp/hwpx/opengov/36384689_결재문서본문_화재발생종합보고서(제2026-298호),0,0,0,1,1,0,1,1,0,1,1,0,0,0,0,1,1,0,0.99048,0.99048,0.0,0.84211,0.84211,0.0,0.98765,0.98765,0.0
"rhwp/hwpx/opengov/36385445_결재문서본문_화재발생종합보고서(제2026-189호, 2026. 5. 14.)",0,0,0,1,1,0,1,1,0,1,1,0,0,0,0,1,1,0,0.98941,0.98941,0.0,0.86957,0.86957,0.0,0.98969,0.98969,0.0
rhwp/hwpx/opengov/36388711_사회보장제도 신설 협의요청서(청년오피스)_260624,6,6,0,1,1,0,1,1,0,1,1,0,0,0,0,1,1,0,0.99673,0.99673,0.0,1,1,0,0.99052,0.99052,0.0
rhwp/hwpx/opengov/36389312_결재문서본문_특정소방대상물 화재발생 알림(화재번호 2026-177),3,3,0,1,1,0,1,1,0,1,1,0,0,0,0,1,1,0,0.99662,0.99662,0.0,0.92593,0.92593,0.0,0.97087,0.97087,0.0
rhwp/hwpx/opengov/36398366_결재문서본문_PC 셧다운 제외 및 초과근무 인정 요청(데이터전략과),3,3,0,1,1,0,1,1,0,1,1,0,0,0,0,1,1,0,1,1,0,0.94118,0.94118,0.0,0.98089,0.98089,0.0
rhwp/hwpx/pr-1674,28,28,0,0.97931,0.97931,0.0,1,1,0,1,1,0,1,1,0,0.99798,0.99798,0.0,0.99593,0.99593,0.0,0.97525,0.97525,0.0,0.98185,0.98185,0.0
rhwp/hwpx/ref/ref_empty,0,0,0,1,1,0,1,1,0,1,1,0,0,0,0,1,1,0,1,1,0,1,1,0,1,1,0
rhwp/hwpx/ref/ref_mixed,0,0,0,1,1,0,1,1,0,1,1,0,0,0,0,1,1,0,1,1,0,1,1,0,1,1,0
rhwp/hwpx/ref/ref_table,0,0,0,1,1,0,1,1,0,1,1,0,0,0,0,1,1,0,1,1,0,1,1,0,1,1,0
rhwp/hwpx/ref/ref_text,0,0,0,1,1,0,1,1,0,1,1,0,0,0,0,1,1,0,1,1,0,1,1,0,1,1,0
rhwp/hwpx/table-text,1,1,0,1,1,0,1,1,0,1,1,0,0,0,0,1,1,0,1,1,0,1,1,0,0.93617,0.93617,0.0
rhwp/hwpx/tbox-v-flow-01,0,0,0,1,1,0,1,1,0,1,1,0,0,0,0,0,0,0,0,0,0,1,1,0,0,0,0
rhwp/issue1510_coanchored_float_tables,2,2,0,1,1,0,1,1,0,1,1,0,1,1,0,1,1,0,1,1,0,0.91892,0.91892,0.0,1,1,0
rhwp/issue1663_coanchored_float_orphan,2,2,0,1,1,0,1,1,0,1,1,0,0,0,0,1,1,0,1,1,0,1,1,0,1,1,0
rhwp/issue1770_rowsplit_tolerance,0,0,0,1,1,0,1,1,0,1,1,0,0,0,0,1,1,0,1,1,0,1,1,0,0.99501,0.99501,0.0
rhwp/issue1853_caption_precedes_body_split,25,25,0,0.992308,0.992308,0.0,0.985915,0.985915,0.0,0.994042,0.994042,0.0,0,0,0,0.99957,0.99957,0.0,0.99354,0.99354,0.0,0.99847,0.99847,0.0,0.98861,0.98861,0.0
rhwp/issue1891/80168_regulatory_analysis,99,99,0,0.99803,0.99803,0.0,0.983847,0.983847,0.0,0.951776,0.951776,0.0,0,0,0,0.97796,0.97796,0.0,0.99916,0.99916,0.0,0.9563,0.9563,0.0,0.9776,0.9776,0.0
rhwp/issue1891/86712_regulatory_analysis,45,45,0,1,1,0,0.994829,0.994829,0.0,0.815127,0.815127,0.0,0,0,0,0.98495,0.98495,0.0,0.99925,0.99925,0.0,0.98274,0.98274,0.0,0.9765,0.9765,0.0
rhwp/issue1893_clickhere_field_roundtrip,1,1,0,1,1,0,0.913043,0.913043,0.0,0.902439,0.902439,0.0,0,0,0,0.88372,0.88372,0.0,1,1,0,1,1,0,0.68966,0.68966,0.0
rhwp/issue2004_cell_image_stack,2,2,0,1,1,0,1,1,0,1,1,0,0,0,0,1,1,0,1,1,0,1,1,0,0.98837,0.98837,0.0
rhwp/issue2020/(250813) (보도자료) 2025년 7월중 가계대출 동향,3,3,0,1,1,0,1,1,0,1,1,0,0,0,0,0.99976,0.99976,0.0,1,1,0,1,1,0,0.99379,0.99379,0.0
rhwp/issue2470/36341511_masked,5,5,0,0.938596,0.938596,0.0,0.878788,0.878788,0.0,0.92743,0.92743,0.0,0,0,0,1,1,0,0.96329,0.96329,0.0,0.9899,0.9899,0.0,0.9496,0.9496,0.0
rhwp/issue2470/36382471_masked,0,0,0,1,1,0,1,1,0,1,1,0,0,0,0,1,1,0,0.98121,0.98121,0.0,0.92,0.92,0.0,0.98333,0.98333,0.0
rhwp/issue3637/press_release_split_cell_nested_table,0,0,0,0.130952,0.130952,0.0,0.526596,0.526596,0.0,0.078308,0.078308,0.0,0,0,0,0.70751,0.70751,0.0,0.97164,0.97164,0.0,0.87805,0.87805,0.0,0.77407,0.77407,0.0
rhwp/issue3637/press_release_topbottom_float,0,0,0,0.432432,0.432432,0.0,0.333333,0.333333,0.0,0.219512,0.219512,0.0,0,0,0,0.82188,0.82188,0.0,0.99748,0.99748,0.0,1,1,0,0.77053,0.77053,0.0
rhwp/issue3637/regulatory_impact_nested_table_escape,18,18,0,0.962608,0.962608,0.0,0.835141,0.835141,0.0,0.707403,0.707403,0.0,0,0,0,0.99939,0.99939,0.0,0.99872,0.99872,0.0,0.99353,0.99353,0.0,0.97824,0.97824,0.0
rhwp/issue3765/zone_switch_ladder_understates_page,0,0,0,1,1,0,1,1,0,1,1,0,0,0,0,1,1,0,1,1,0,1,1,0,1,1,0
rhwp/issue5447/3차원묶은세로막대형-행추가,0,0,0,1,1,0,1,1,0,1,1,0,0,0,0,1,1,0,0,0,0,1,1,0,0,0,0
rhwp/issue5447/가로막대형_하나만있을떄_단일시리즈제목-점추가,0,0,0,1,1,0,1,1,0,1,1,0,0,0,0,1,1,0,1,1,0,1,1,0,1,1,0
rhwp/issue5447/누적세로막대형-계열삭제,0,0,0,1,1,0,1,1,0,1,1,0,0,0,0,1,1,0,1,1,0,1,1,0,1,1,0
rhwp/issue5447/묶은가로막대형-행추가,0,0,0,1,1,0,1,1,0,1,1,0,0,0,0,1,1,0,1,1,0,1,1,0,1,1,0
rhwp/issue5447/묶은세로막대형-계열명변경,0,0,0,1,1,0,1,1,0,1,1,0,0,0,0,1,1,0,1,1,0,1,1,0,1,1,0
rhwp/issue5447/묶은세로막대형-계열삭제,0,0,0,1,1,0,1,1,0,1,1,0,0,0,0,1,1,0,1,1,0,1,1,0,1,1,0
rhwp/issue5447/묶은세로막대형-계열추가,0,0,0,1,1,0,1,1,0,1,1,0,0,0,0,1,1,0,1,1,0,1,1,0,1,1,0
rhwp/issue5447/묶은세로막대형-라벨변경,0,0,0,1,1,0,1,1,0,1,1,0,0,0,0,1,1,0,1,1,0,1,1,0,1,1,0
rhwp/issue5447/묶은세로막대형-행삭제,0,0,0,1,1,0,1,1,0,1,1,0,0,0,0,1,1,0,1,1,0,1,1,0,1,1,0
rhwp/issue5447/묶은세로막대형-행추가,0,0,0,1,1,0,1,1,0,1,1,0,0,0,0,1,1,0,1,1,0,1,1,0,1,1,0
rhwp/issue5447/시가고가저가종가-계열삭제,0,0,0,1,1,0,1,1,0,1,1,0,0,0,0,1,1,0,1,1,0,1,1,0,1,1,0
rhwp/issue5447/원형대원형-계열추가,0,0,0,1,1,0,1,1,0,1,1,0,0,0,0,1,1,0,1,1,0,1,1,0,1,1,0
rhwp/issue5447/직선및표식이있는분산형-점추가,0,0,0,1,1,0,1,1,0,1,1,0,0,0,0,1,1,0,1,1,0,1,1,0,1,1,0
rhwp/issue5447/표식이있는꺽은선형-행추가,0,0,0,1,1,0,1,1,0,1,1,0,0,0,0,1,1,0,1,1,0,1,1,0,1,1,0
rhwp/issue5652/3차원묶은세로막대형-행추가,0,0,0,1,1,0,1,1,0,1,1,0,0,0,0,1,1,0,0,0,0,1,1,0,0,0,0
rhwp/issue5652/가로막대형_하나만있을떄_단일시리즈제목-점추가,0,0,0,1,1,0,1,1,0,1,1,0,0,0,0,1,1,0,1,1,0,1,1,0,1,1,0
rhwp/issue5652/누적세로막대형-계열삭제,0,0,0,1,1,0,1,1,0,1,1,0,0,0,0,1,1,0,1,1,0,1,1,0,1,1,0
rhwp/issue5652/묶은가로막대형-행추가,0,0,0,1,1,0,1,1,0,1,1,0,0,0,0,1,1,0,1,1,0,1,1,0,1,1,0
rhwp/issue5652/묶은세로막대형-계열명변경,0,0,0,1,1,0,1,1,0,1,1,0,0,0,0,1,1,0,1,1,0,1,1,0,1,1,0
rhwp/issue5652/묶은세로막대형-계열삭제,0,0,0,1,1,0,1,1,0,1,1,0,0,0,0,1,1,0,1,1,0,1,1,0,1,1,0
rhwp/issue5652/묶은세로막대형-계열추가,0,0,0,1,1,0,1,1,0,1,1,0,0,0,0,1,1,0,1,1,0,1,1,0,1,1,0
rhwp/issue5652/묶은세로막대형-라벨변경,0,0,0,1,1,0,1,1,0,1,1,0,0,0,0,1,1,0,1,1,0,1,1,0,1,1,0
rhwp/issue5652/묶은세로막대형-행삭제,0,0,0,1,1,0,1,1,0,1,1,0,0,0,0,1,1,0,1,1,0,1,1,0,1,1,0
rhwp/issue5652/묶은세로막대형-행추가,0,0,0,1,1,0,1,1,0,1,1,0,0,0,0,1,1,0,1,1,0,1,1,0,1,1,0
rhwp/issue5652/직선및표식이있는분산형-점추가,0,0,0,1,1,0,1,1,0,1,1,0,0,0,0,1,1,0,1,1,0,1,1,0,1,1,0
rhwp/issue5652/표식이있는꺽은선형-행추가,0,0,0,1,1,0,1,1,0,1,1,0,0,0,0,1,1,0,1,1,0,1,1,0,1,1,0
rhwp/issue5792/2700727_animal_facility_standards,4,4,0,1,1,0,1,1,0,1,1,0,0,0,0,1,1,0,1,1,0,1,1,0,0.99415,0.99415,0.0
rhwp/issue5809/156518601_p1_square_host,1,1,0,1,1,0,1,1,0,1,1,0,0,0,0,1,1,0,0.99315,0.99315,0.0,0.93333,0.93333,0.0,0.98639,0.98639,0.0
rhwp/issue5818/cell_square_logo_text_wrap,0,0,0,1,1,0,1,1,0,1,1,0,0,0,0,1,1,0,1,1,0,1,1,0,1,1,0
rhwp/issue5821/condensed_ratio_title_box,0,0,0,1,1,0,1,1,0,1,1,0,0,0,0,1,1,0,1,1,0,1,1,0,1,1,0
rhwp/issue5880/rowbreak_fragment_overfill,16,16,0,1,1,0,0.995169,0.995169,0.0,0.996083,0.996083,0.0,0,0,0,1,1,0,0.99827,0.99827,0.0,1,1,0,0.98362,0.98362,0.0
rhwp/issue5884/nested_row_first_line_height,2,2,0,1,1,0,0.75,0.75,0.0,0.884793,0.884793,0.0,0,0,0,0.99895,0.99895,0.0,0.97339,0.97339,0.0,1,1,0,0.98711,0.98711,0.0
rhwp/issue6037/2차원원형-계열추가,0,0,0,1,1,0,1,1,0,1,1,0,0,0,0,1,1,0,1,1,0,1,1,0,1,1,0
rhwp/issue6037/2차원원형-계열추가-데이터추가,0,0,0,1,1,0,1,1,0,1,1,0,0,0,0,1,1,0,1,1,0,1,1,0,1,1,0
rhwp/issue6037/engine/2차원원형-계열추가,0,0,0,1,1,0,1,1,0,1,1,0,0,0,0,1,1,0,1,1,0,1,1,0,1,1,0
rhwp/issue6037/engine/3차원원형-계열추가,0,0,0,1,1,0,1,1,0,1,1,0,0,0,0,1,1,0,1,1,0,1,1,0,1,1,0
rhwp/issue6037/engine/고가저가종가-꼬리계열추가,0,0,0,1,1,0,1,1,0,1,1,0,0,0,0,1,1,0,1,1,0,1,1,0,1,1,0
rhwp/issue6037/engine/시가고가저가종가-중간계열삭제,0,0,0,1,1,0,1,1,0,1,1,0,0,0,0,1,1,0,1,1,0,1,1,0,1,1,0
rhwp/issue6037/engine/시가고가저가종가-중간계열추가,0,0,0,1,1,0,1,1,0,1,1,0,0,0,0,1,1,0,1,1,0,1,1,0,1,1,0
rhwp/issue6037/engine/원형대가로막대형-계열추가,0,0,0,1,1,0,1,1,0,1,1,0,0,0,0,1,1,0,1,1,0,1,1,0,1,1,0
rhwp/issue6037/engine/원형대원형-계열추가,0,0,0,1,1,0,1,1,0,1,1,0,0,0,0,1,1,0,1,1,0,1,1,0,1,1,0
rhwp/issue6037/engine/쪼개진원형-계열추가,0,0,0,1,1,0,1,1,0,1,1,0,0,0,0,1,1,0,1,1,0,1,1,0,1,1,0
rhwp/issue6037/고가저가종가-계열추가,0,0,0,1,1,0,1,1,0,1,1,0,0,0,0,1,1,0,1,1,0,1,1,0,1,1,0
rhwp/issue6037/고가저가종가-계열추가-데이터추가,0,0,0,1,1,0,1,1,0,1,1,0,0,0,0,1,1,0,1,1,0,1,1,0,1,1,0
rhwp/issue6037/고가저가종가-꼬리계열추가,0,0,0,1,1,0,1,1,0,1,1,0,0,0,0,1,1,0,1,1,0,1,1,0,1,1,0
rhwp/issue6037/시가고가저가종가-계열삭제,0,0,0,1,1,0,1,1,0,1,1,0,0,0,0,1,1,0,1,1,0,1,1,0,1,1,0
rhwp/issue6037/시가고가저가종가-계열추가,0,0,0,1,1,0,1,1,0,1,1,0,0,0,0,1,1,0,1,1,0,1,1,0,1,1,0
rhwp/issue6037/시가고가저가종가-계열추가-데이터추가,0,0,0,1,1,0,1,1,0,1,1,0,0,0,0,1,1,0,1,1,0,1,1,0,1,1,0
rhwp/issue6037/시가고가저가종가-꼬리계열추가,0,0,0,1,1,0,1,1,0,1,1,0,0,0,0,1,1,0,1,1,0,1,1,0,1,1,0
rhwp/issue6037/시가고가저가종가-종가삭제,0,0,0,1,1,0,1,1,0,1,1,0,0,0,0,1,1,0,1,1,0,1,1,0,1,1,0
rhwp/issue6037/시가고가저가종가-첫계열삭제,0,0,0,1,1,0,1,1,0,1,1,0,0,0,0,1,1,0,1,1,0,1,1,0,1,1,0
rhwp/issue6037/원형대원형-계열추가,0,0,0,1,1,0,1,1,0,1,1,0,0,0,0,1,1,0,1,1,0,1,1,0,1,1,0
rhwp/issue6037/원형대원형-계열추가-데이터추가,0,0,0,1,1,0,1,1,0,1,1,0,0,0,0,1,1,0,1,1,0,1,1,0,1,1,0
rhwp/issue6312/tab_host_own_line,2,2,0,1,1,0,1,1,0,1,1,0,0,0,0,1,1,0,0.99574,0.99574,0.0,1,1,0,0.98538,0.98538,0.0
rhwp/pic2,0,0,0,1,1,0,1,1,0,1,1,0,0,0,0,1,1,0,1,1,0,1,1,0,0.95044,0.95044,0.0
rhwp/rowbreak-problem-pages,16,16,0,1,1,0,0.975439,0.975439,0.0,0.943762,0.943762,0.0,1,1,0,0.99848,0.99848,0.0,0.99703,0.99703,0.0,0.99062,0.99062,0.0,0.98489,0.98489,0.0
rhwp/SO-SUEOP,0,0,0,1,1,0,1,1,0,1,1,0,0,0,0,0.98678,0.98678,0.0,0.93551,0.93551,0.0,0.97956,0.97956,0.0,0.92979,0.92979,0.0
rhwp/ta-pic-001-r-쪽영역안제한,0,0,0,0.888889,0.888889,0.0,1,1,0,1,1,0,0,0,0,1,1,0,1,1,0,0.5,0.5,0.0,1,1,0
rhwp/ta-pic-001-r-쪽영역안제한no,0,0,0,0.4,0.4,0.0,0,0,0,0,0,0,0,0,0,1,1,0,1,1,0,0.5,0.5,0.0,1,1,0
rhwp/table_giant_cell_overfill,0,0,0,1,1,0,1,1,0,1,1,0,0,0,0,0.99997,0.99997,0.0,0.99957,0.99957,0.0,1,1,0,0.99377,0.99377,0.0
rhwp/table_text_anchor_wrap,0,0,0,0.95114,0.95114,0.0,0.444444,0.444444,0.0,0.424025,0.424025,0.0,0,0,0,1,1,0,1,1,0,1,1,0,0.99722,0.99722,0.0
rhwp/table-vpos-01,4,4,0,1,1,0,0.934783,0.934783,0.0,0.986239,0.986239,0.0,0,0,0,0.99687,0.99687,0.0,0.99896,0.99896,0.0,1,1,0,0.99287,0.99287,0.0
rhwp/tac-host-spacing,0,0,0,1,1,0,1,1,0,1,1,0,0,0,0,1,1,0,1,1,0,1,1,0,1,1,0
rhwp/tac-img-02,88,88,0,0.924297,0.924297,0.0,0.959669,0.959669,0.0,0.858061,0.858061,0.0,0,0,0,0.99997,0.99997,0.0,0.98851,0.98851,0.0,0.99881,0.99881,0.0,0.99031,0.99031,0.0
rhwp/task1716/table_scattered_header_rowbreak,11,11,0,0.980392,0.980392,0.0,0.954045,0.954045,0.0,0.949951,0.949951,0.0,0,0,0,0.99982,0.99982,0.0,0.99984,0.99984,0.0,0.99674,0.99674,0.0,0.98102,0.98102,0.0
rhwp/task1725/text_footnote_tail_overpagination,18,18,0,1,1,0,0.991485,0.991485,0.0,0.992352,0.992352,0.0,0,0,0,0.99775,0.99775,0.0,0.99751,0.99751,0.0,0.99173,0.99173,0.0,0.98813,0.98813,0.0
rhwp/task1771/nested_group_vectors,2,2,0,1,1,0,1,1,0,1,1,0,0,0,0,0.99969,0.99969,0.0,0.82018,0.82018,0.0,0.96212,0.96212,0.0,0.99155,0.99155,0.0
rhwp/task1772/table_outer_margin_common_sync,2,2,0,1,1,0,1,1,0,1,1,0,0,0,0,1,1,0,0.99695,0.99695,0.0,0.92308,0.92308,0.0,1,1,0
rhwp/task1789/exclusion_probe_line_spacing,3,3,0,1,1,0,1,1,0,1,1,0,0,0,0,1,1,0,0.98276,0.98276,0.0,0.90909,0.90909,0.0,0.99569,0.99569,0.0
rhwp/task2093/saved_single_line_spacing_after,0,0,0,1,1,0,1,1,0,1,1,0,0,0,0,1,1,0,1,1,0,1,1,0,1,1,0
rhwp/task2097/75544_pii_bunseok,29,29,0,0.816252,0.816252,0.0,0.706147,0.706147,0.0,0.453035,0.453035,0.0,0,0,0,0.95345,0.95345,0.0,0.99054,0.99054,0.0,0.92746,0.92746,0.0,0.92869,0.92869,0.0
rhwp/task2097/none_table_declared_fits,0,0,0,1,1,0,1,1,0,1,1,0,0,0,0,1,1,0,1,1,0,0.75,0.75,0.0,1,1,0
rhwp/task2098/page_bottom_fixed_anchor_margin_split,0,0,0,1,1,0,1,1,0,1,1,0,0,0,0,1,1,0,1,1,0,1,1,0,1,1,0
rhwp/task2098/page_bottom_fixed_anchor_vpos0,0,0,0,1,1,0,1,1,0,1,1,0,0,0,0,1,1,0,1,1,0,1,1,0,1,1,0
rhwp/task2136/neartop_reset_sb2500,0,0,0,1,1,0,1,1,0,1,1,0,0,0,0,1,1,0,1,1,0,1,1,0,0.8,0.8,0.0
rhwp/task3236/issue3236_split_table,1,1,0,1,1,0,1,1,0,1,1,0,0,0,0,0.9544,0.9544,0.0,0.98599,0.98599,0.0,1,1,0,0.86928,0.86928,0.0
rhwp/대각선샘플,0,0,0,1,1,0,1,1,0,1,1,0,0,0,0,1,1,0,1,1,0,1,1,0,1,1,0
rhwp/복학원서,3,3,0,1,1,0,0.966667,0.966667,0.0,0.994662,0.994662,0.0,0,0,0,0.87032,0.87032,0.0,1,1,0,1,1,0,0.9434,0.9434,0.0
rhwp/셀보호2,1,1,0,1,1,0,1,1,0,1,1,0,0,0,0,1,1,0,1,1,0,1,1,0,0.33333,0.33333,0.0
rhwp/추진일정,1,1,0,1,1,0,1,1,0,1,1,0,0,0,0,1,1,0,0.98438,0.98438,0.0,0.71429,0.71429,0.0,1,1,0
rhwp/표-텍스트,1,1,0,1,1,0,1,1,0,1,1,0,0,0,0,1,1,0,1,1,0,1,1,0,0.93617,0.93617,0.0
rhwp/한셀OLE,0,0,0,1,1,0,1,1,0,1,1,0,0,0,0,1,1,0,1,1,0,1,1,0,1,1,0
lo-pairs/arko-국제교류신청서,,,,,,,,,,,,,,,,0.99887,0.99887,0.0,0.99887,0.99887,0.0,1,1,0,0.99487,0.99487,0.0
lo-pairs/kats-ks표준안,,,,,,,,,,,,,,,,0.98635,0.98635,0.0,0.91271,0.91271,0.0,0.82324,0.82324,0.0,0.97417,0.97417,0.0
lo-pairs/kpipa-계약서영문,,,,,,,,,,,,,,,,0.99426,0.99426,0.0,0.99298,0.99298,0.0,1,1,0,0.98142,0.98142,0.0
lo-pairs/kpipa-계약서일문,,,,,,,,,,,,,,,,0.99903,0.99903,0.0,0.99575,0.99575,0.0,1,1,0,0.68621,0.68621,0.0
lo-pairs/kpipa-계약서중문,,,,,,,,,,,,,,,,0.98723,0.98723,0.0,0.99154,0.99154,0.0,0.94231,0.94231,0.0,0.64931,0.64931,0.0
lo-pairs/ltik-번역지원서,,,,,,,,,,,,,,,,1,1,0,1,1,0,1,1,0,1,1,0
lo-pairs/niied-신고서양식,,,,,,,,,,,,,,,,0.99862,0.99862,0.0,0.99723,0.99723,0.0,1,1,0,0.99134,0.99134,0.0
lo-pairs/web002_copyright_tranfer_form,,,,,,,,,,,,,,,,1,1,0,1,1,0,1,1,0,0.99042,0.99042,0.0
lo-pairs/web003_service_report,,,,,,,,,,,,,,,,0.99573,0.99573,0.0,0.96293,0.96293,0.0,0.95294,0.95294,0.0,0.9863,0.9863,0.0
lo-pairs/web005_research,,,,,,,,,,,,,,,,1,1,0,0.98214,0.98214,0.0,1,1,0,1,1,0
lo-pairs/web006_한국전지학회_논문투고양식_최종,,,,,,,,,,,,,,,,0.95405,0.95405,0.0,0.9839,0.9839,0.0,0.71429,0.71429,0.0,0.94413,0.94413,0.0
lo-pairs/web008_사업제안서_양식,,,,,,,,,,,,,,,,0.9879,0.9879,0.0,0.9879,0.9879,0.0,0.96429,0.96429,0.0,0.99363,0.99363,0.0
lo-pairs/web009_20190306_090204,,,,,,,,,,,,,,,,1,1,0,1,1,0,1,1,0,1,1,0
lo-pairs/web010_CJ_천재급인재_이력서_양식,,,,,,,,,,,,,,,,0.99034,0.99034,0.0,0.97658,0.97658,0.0,1,1,0,0.91241,0.91241,0.0
lo-pairs/web012_(주)케이더블유이코리아_자사양식,,,,,,,,,,,,,,,,1,1,0,0.99551,0.99551,0.0,1,1,0,0.98636,0.98636,0.0
lo-pairs/web013_이제는더이상물러날곳이없다-최종-보고서,,,,,,,,,,,,,,,,1,1,0,1,1,0,1,1,0,0.98907,0.98907,0.0
lo-pairs/web014_(기술경영학부_학생회)_2022_4분기_사업_보고서,,,,,,,,,,,,,,,,0.99488,0.99488,0.0,0.98902,0.98902,0.0,0.95272,0.95272,0.0,0.99262,0.99262,0.0
lo-pairs/web015_3._개인정보의_수집이용제공_동의서,,,,,,,,,,,,,,,,0.99636,0.99636,0.0,0.97683,0.97683,0.0,1,1,0,0.97778,0.97778,0.0
lo-pairs/web016_개인정보수집동의서_성명,,,,,,,,,,,,,,,,0.97971,0.97971,0.0,0.98476,0.98476,0.0,1,1,0,0.97462,0.97462,0.0
lo-pairs/web017_붙임3_신청인의_개인정보_처리_동의서,,,,,,,,,,,,,,,,0.98344,0.98344,0.0,0.99759,0.99759,0.0,0.96667,0.96667,0.0,0.97778,0.97778,0.0
lo-pairs/web019_20230426_141005575_01957,,,,,,,,,,,,,,,,0.9973,0.9973,0.0,0.99887,0.99887,0.0,1,1,0,0.98293,0.98293,0.0
lo-pairs/web021_20191021_01,,,,,,,,,,,,,,,,1,1,0,1,1,0,1,1,0,1,1,0
lo-pairs/web052_Template(Kor.)_word,,,,,,,,,,,,,,,,0.96653,0.96653,0.0,0.98932,0.98932,0.0,1,1,0,0.97893,0.97893,0.0
lo-pairs/web053_KJAN_Title_page_template,,,,,,,,,,,,,,,,1,1,0,0.99795,0.99795,0.0,1,1,0,1,1,0
lo-pairs/web054_취약점_신고_접수_양식,,,,,,,,,,,,,,,,0.9994,0.9994,0.0,0.99002,0.99002,0.0,0.99087,0.99087,0.0,0.99804,0.99804,0.0
lo-pairs/web055_1-1._취약점_신고_접수_양식(2025),,,,,,,,,,,,,,,,1,1,0,0.99081,0.99081,0.0,1,1,0,0.99913,0.99913,0.0
lo-pairs/web056_Full-Template,,,,,,,,,,,,,,,,0.9996,0.9996,0.0,0.99169,0.99169,0.0,0.96739,0.96739,0.0,0.97955,0.97955,0.0
lo-pairs/web057_3_,,,,,,,,,,,,,,,,1,1,0,1,1,0,0.95652,0.95652,0.0,0.94737,0.94737,0.0
lo-pairs/web060_20241203104638_월드비전_제네시스클라우드유지보수_RFP.v1.0,,,,,,,,,,,,,,,,0.9964,0.9964,0.0,0.99059,0.99059,0.0,0.99664,0.99664,0.0,0.97629,0.97629,0.0
lo-pairs/web062_Declaration_of_Invention(breed)5.발명자_발명신고서+발명제안서_홈페이지(품종),,,,,,,,,,,,,,,,0.99917,0.99917,0.0,1,1,0,0.98,0.98,0.0,0.98251,0.98251,0.0
lo-pairs/web063_1332481045_2,,,,,,,,,,,,,,,,0.97131,0.97131,0.0,0.99208,0.99208,0.0,0.97794,0.97794,0.0,0.97788,0.97788,0.0
lo-pairs/web064_-기술경영학부_학생회-_2022_상반기_사업_보고서,,,,,,,,,,,,,,,,0.99573,0.99573,0.0,0.98833,0.98833,0.0,0.96714,0.96714,0.0,0.99307,0.99307,0.0
lo-pairs/web065_첨부2-250707-제-1기-그랜드퀘스트-커뮤니케이터-선발-공모전-별첨_콘텐츠-기획안-양식,,,,,,,,,,,,,,,,0.98228,0.98228,0.0,0.98228,0.98228,0.0,1,1,0,0.98814,0.98814,0.0
lo-pairs/web070_[업체명]_양식9_위험물_사용_신청서,,,,,,,,,,,,,,,,0.99616,0.99616,0.0,0.99135,0.99135,0.0,0.93333,0.93333,0.0,0.96897,0.96897,0.0
lo-pairs/web072_Korea_studyplan,,,,,,,,,,,,,,,,1,1,0,1,1,0,1,1,0,0.96875,0.96875,0.0
lo-pairs/web075_5._[고려대_국제대학원]_전화_및_온라인_인터뷰_신청서,,,,,,,,,,,,,,,,1,1,0,0.98911,0.98911,0.0,1,1,0,0.98438,0.98438,0.0
